"poule","game","date","team1","score1","score2","team2","venue","wk","host"
"1",1,"1930-07-13","France",4,1,"Mexico","Estadio Pocitos, Montevideo",1930,"Uruguay"
"1",5,"1930-07-15","Argentina",1,0,"France","Estadio Parque Central, Montevideo",1930,"Uruguay"
"1",6,"1930-07-16","Chile",3,0,"Mexico","Estadio Parque Central, Montevideo",1930,"Uruguay"
"1",10,"1930-07-19","Chile",1,0,"France","Estadio Centenario, Montevideo",1930,"Uruguay"
"1",11,"1930-07-19","Argentina",6,3,"Mexico","Estadio Centenario, Montevideo",1930,"Uruguay"
"1",15,"1930-07-22","Argentina",3,1,"Chile","Estadio Centenario, Montevideo",1930,"Uruguay"
"2",3,"1930-07-14","Yugoslavia",2,1,"Brazil","Estadio Parque Central, Montevideo",1930,"Uruguay"
"2",7,"1930-07-17","Yugoslavia",4,0,"Bolivia","Estadio Parque Central, Montevideo",1930,"Uruguay"
"2",12,"1930-07-20","Brazil",4,0,"Bolivia","Estadio Centenario, Montevideo",1930,"Uruguay"
"3",4,"1930-07-14","Romania",3,1,"Peru","Estadio Pocitos, Montevideo",1930,"Uruguay"
"3",9,"1930-07-18","Uruguay",1,0,"Peru","Estadio Centenario, Montevideo",1930,"Uruguay"
"3",14,"1930-07-21","Uruguay",4,0,"Romania","Estadio Centenario, Montevideo",1930,"Uruguay"
"4",2,"1930-07-13","United_States",3,0,"Belgium","Estadio Parque Central, Montevideo",1930,"Uruguay"
"4",8,"1930-07-17","United_States",3,0,"Paraguay","Estadio Parque Central, Montevideo",1930,"Uruguay"
"4",13,"1930-07-20","Paraguay",1,0,"Belgium","Estadio Centenario, Montevideo",1930,"Uruguay"
"Semi-finals",16,"1930-07-26","Argentina",6,1,"United_States","Estadio Centenario, Montevideo",1930,"Uruguay"
"Semi-finals",17,"1930-07-27","Uruguay",6,1,"Yugoslavia","Estadio Centenario, Montevideo",1930,"Uruguay"
"Final",18,"1930-07-30","Uruguay",4,2,"Argentina","Estadio Centenario, Montevideo",1930,"Uruguay"
"Preliminary-round",1,"1934-05-27","Sweden",3,2,"Argentina","Stadio Littoriale, Bologna",1934,"Italy"
"Preliminary-round",2,"1934-05-27","Austria",3,2,"France","Stadio Benito Mussolini, Turin",1934,"Italy"
"Preliminary-round",3,"1934-05-27","Germany",5,2,"Belgium","Stadio Giovanni Berta, Florence",1934,"Italy"
"Preliminary-round",4,"1934-05-27","Spain",3,1,"Brazil","Stadio Luigi Ferraris, Genoa",1934,"Italy"
"Preliminary-round",5,"1934-05-27","Hungary",4,2,"Egypt","Stadio Giorgio Ascarelli, Naples",1934,"Italy"
"Preliminary-round",6,"1934-05-27","Switzerland",3,2,"Netherlands","Stadio San Siro, Milan",1934,"Italy"
"Preliminary-round",7,"1934-05-27","Italy",7,1,"United_States","Stadio Nazionale PNF, Rome",1934,"Italy"
"Preliminary-round",8,"1934-05-27","Czechoslovakia",2,1,"Romania","Stadio Littorio, Trieste",1934,"Italy"
"Quarter-finals",9,"1934-05-31","Czechoslovakia",3,2,"Switzerland","Stadio Benito Mussolini, Turin",1934,"Italy"
"Quarter-finals",10,"1934-05-31","Germany",2,1,"Sweden","Stadio San Siro, Milan",1934,"Italy"
"Quarter-finals",11,"1934-05-31","Italy",1,1,"Spain","Stadio Giovanni Berta, Florence",1934,"Italy"
"Quarter-finals",12,"1934-05-31","Austria",2,1,"Hungary","Stadio Littoriale, Bologna",1934,"Italy"
"Quarter-finals",13,"1934-06-01","Italy",1,0,"Spain","Stadio Giovanni Berta, Florence",1934,"Italy"
"Semi-finals",14,"1934-06-03","Italy",1,0,"Austria","Stadio San Siro, Milan",1934,"Italy"
"Semi-finals",15,"1934-06-03","Czechoslovakia",3,1,"Germany","Stadio Nazionale PNF, Rome",1934,"Italy"
"Semi-finals",16,"1934-06-07","Germany",3,2,"Austria","Stadio Giorgio Ascarelli, Naples",1934,"Italy"
"Final",17,"1934-06-10","Italy",2,1,"Czechoslovakia","Stadio Nazionale PNF, Rome",1934,"Italy"
"First-round",1,"1938-06-04","Switzerland",1,1,"Germany","Parc des Princes, Paris",1938,"France"
"First-round",2,"1938-06-05","Hungary",6,0,"Dutch_West_Indies","Vélodrome Municipal, Reims",1938,"France"
"First-round",3,"1938-06-05","France",3,1,"Belgium","Stade Olympique de Colombes, Paris",1938,"France"
"First-round",4,"1938-06-05","Cuba",3,3,"Roemenie","Stade Chapou, Toulouse",1938,"France"
"First-round",5,"1938-06-05","Italy",2,1,"Norway","Stade Vélodrome, Marseille",1938,"France"
"First-round",6,"1938-06-05","Brazil",6,5,"Poland","Stade de la Meinau, Strasbourg",1938,"France"
"First-round",7,"1938-06-05","Czechoslovakia",3,0,"Netherlands","Stade municipal, Le Havre",1938,"France"
"First-round-replays",8,"1938-06-09","Cuba",2,1,"Romania","Stade Chapou, Toulouse",1938,"France"
"First-round-replays",9,"1938-06-09","Germany",2,4,"Switzerland","Parc des Princes, Paris",1938,"France"
"Quarter-finals",10,"1938-06-12","Brazil",1,1,"Czechoslovakia","Parc Lescure, Bordeaux",1938,"France"
"Quarter-finals",11,"1938-06-12","Switzerland",0,2,"Hungary","Stade Victor Boucquey, Lille",1938,"France"
"Quarter-finals",12,"1938-06-12","Sweden",8,0,"Cuba","Stade du Fort Carré, Antibes",1938,"France"
"Quarter-finals",13,"1938-06-12","France",1,3,"Italy","Stade Olympique de Colombes, Paris",1938,"France"
"Quarter-finals-replays",14,"1938-06-14","Brazil",2,1,"Czechoslovakia","Parc Lescure, Bordeaux",1938,"France"
"Semi-finals",15,"1938-06-16","Hungary",5,1,"Sweden","Parc des Princes, Paris",1938,"France"
"Semi-finals",16,"1938-06-16","Italy",2,1,"Brazil","Stade Vélodrome, Marseille",1938,"France"
"Match-for-third-place",17,"1938-06-19","Sweden",2,4,"Brazil","Parc Lescure, Bordeaux",1938,"France"
"Final",18,"1938-06-19","Hungary",2,4,"Italy","Stade Olympique de Colombes, Paris",1938,"France"
"1",1,"1950-06-24","Brazil",4,0,"Mexico","Estádio do Maracanã, Rio de Janeiro",1950,"Brazil"
"1",5,"1950-06-25","Yugoslavia",3,0,"Switzerland","Estádio Independência, Belo Horizonte",1950,"Brazil"
"1",6,"1950-06-28","Brazil",2,2,"Switzerland","Estádio do Pacaembu, São Paulo",1950,"Brazil"
"1",7,"1950-06-28","Yugoslavia",4,1,"Mexico","Estádio dos Eucaliptos, Porto Alegre",1950,"Brazil"
"1",11,"1950-07-01","Brazil",2,0,"Yugoslavia","Estádio do Maracanã, Rio de Janeiro",1950,"Brazil"
"1",14,"1950-07-02","Switzerland",2,1,"Mexico","Estádio dos Eucaliptos, Porto Alegre",1950,"Brazil"
"2",2,"1950-06-25","England",2,0,"Chile","Estádio do Maracanã, Rio de Janeiro",1950,"Brazil"
"2",3,"1950-06-25","Spain",3,1,"United_States","Estádio Durival de Britto, Curitiba",1950,"Brazil"
"2",8,"1950-06-29","Spain",2,0,"Chile","Estádio do Maracanã, Rio de Janeiro",1950,"Brazil"
"2",10,"1950-06-29","United_States",1,0,"England","Estádio Independência, Belo Horizonte",1950,"Brazil"
"2",12,"1950-07-02","Spain",1,0,"England","Estádio do Maracanã, Rio de Janeiro",1950,"Brazil"
"2",15,"1950-07-02","Chile",5,2,"United_States","Estádio Ilha do Retiro, Recife",1950,"Brazil"
"3",4,"1950-06-25","Sweden",3,2,"Italy","Estádio do Pacaembu, São Paulo",1950,"Brazil"
"3",9,"1950-06-29","Sweden",2,2,"Paraguay","Estádio Durival Britto, Curitiba",1950,"Brazil"
"3",13,"1950-07-02","Italy",2,0,"Paraguay","Estádio do Pacaembu, São Paulo",1950,"Brazil"
"4",16,"1950-07-02","Uruguay",8,0,"Bolivia","Estádio Independência, Belo Horizonte",1950,"Brazil"
"Semi-finals",17,"1950-07-09","Uruguay",2,2,"Spain","Estádio do Pacaembu, São Paulo",1950,"Brazil"
"Semi-finals",18,"1950-07-09","Brazil",7,1,"Sweden","Estádio do Maracanã, Rio de Janeiro",1950,"Brazil"
"Semi-finals",19,"1950-07-13","Brazil",6,1,"Spain","Estádio do Maracanã, Rio de Janeiro",1950,"Brazil"
"Semi-finals",20,"1950-07-13","Uruguay",3,2,"Sweden","Estádio do Pacaembu, São Paulo",1950,"Brazil"
"Semi-finals",21,"1950-07-16","Sweden",3,1,"Spain","Estádio do Pacaembu, São Paulo",1950,"Brazil"
"Final",22,"1950-07-16","Uruguay",2,1,"Brazil","Estádio do Maracanã, Rio de Janeiro",1950,"Brazil"
"1",3,"1954-06-16","Brazil",5,0,"Mexico","Charmilles Stadium, Geneva",1954,"Switzerland"
"1",4,"1954-06-16","Yugoslavia",1,0,"France","Stade Olympique de la Pontaise, Lausanne",1954,"Switzerland"
"1",10,"1954-06-19","Brazil",1,1,"Yugoslavia","Stade Olympique de la Pontaise, Lausanne",1954,"Switzerland"
"1",11,"1954-06-19","France",3,2,"Mexico","Charmilles Stadium, Geneva",1954,"Switzerland"
"2",5,"1954-06-17","West_Germany",4,1,"Turkey","Wankdorf Stadium, Bern",1954,"Switzerland"
"2",8,"1954-06-17","Hungary",9,0,"South_Korea","Hardturm Stadium, Zürich",1954,"Switzerland"
"2",14,"1954-06-20","Hungary",8,3,"West_Germany","St. Jakob Stadium, Basel",1954,"Switzerland"
"2",15,"1954-06-20","Turkey",7,0,"South_Korea","Charmilles Stadium, Geneva",1954,"Switzerland"
"2",25,"1954-06-23","West_Germany",7,2,"Turkey","Hardturm Stadium, Zürich",1954,"Switzerland"
"3",1,"1954-06-16","Uruguay",2,0,"Czechoslovakia","Wankdorf Stadium, Bern",1954,"Switzerland"
"3",2,"1954-06-16","Austria",1,0,"Scotland","Hardturm Stadium, Zürich",1954,"Switzerland"
"3",9,"1954-06-19","Austria",5,0,"Czechoslovakia","Hardturm Stadium, Zürich",1954,"Switzerland"
"3",12,"1954-06-19","Uruguay",7,0,"Scotland","St. Jakob Stadium, Basel",1954,"Switzerland"
"4",6,"1954-06-17","England",4,4,"Belgium","St. Jakob Stadium, Basel",1954,"Switzerland"
"4",7,"1954-06-17","Switzerland",2,1,"Italy","Stade Olympique de la Pontaise, Lausanne",1954,"Switzerland"
"4",13,"1954-06-20","England",2,0,"Switzerland","Wankdorf Stadium, Bern",1954,"Switzerland"
"4",16,"1954-06-20","Italy",4,1,"Belgium","Cornaredo Stadium, Lugano",1954,"Switzerland"
"4",26,"1954-06-23","Switzerland",4,1,"Italy","St. Jakob Stadium, Basel",1954,"Switzerland"
"Quarter-finals",19,"1954-06-26","Austria",7,5,"Switzerland","Stade Olympique de la Pontaise, Lausanne",1954,"Switzerland"
"Quarter-finals",20,"1954-06-26","Uruguay",4,2,"England","St. Jakob Stadium, Basel",1954,"Switzerland"
"Quarter-finals",17,"1954-06-27","Yugoslavia",0,2,"West_Germany","Charmilles Stadium, Geneva",1954,"Switzerland"
"Quarter-finals",18,"1954-06-27","Brazil",2,4,"Hungary","Wankdorf Stadium, Bern",1954,"Switzerland"
"Semi-finals",21,"1954-06-30","West_Germany",6,1,"Austria","St. Jakob Stadium, Basel",1954,"Switzerland"
"Semi-finals",22,"1954-06-30","Hungary",4,2,"Uruguay","Stade Olympique de la Pontaise, Lausanne",1954,"Switzerland"
"Semi-finals",23,"1954-07-03","Uruguay",1,3,"Austria","Hardturm Stadium, Zürich",1954,"Switzerland"
"Final",24,"1954-07-04","Hungary",2,3,"West_Germany","Wankdorf Stadium, Bern",1954,"Switzerland"
"1",7,"1958-06-08","West_Germany",3,1,"Argentina","Malmö Stadion, Malmö",1958,"Sweden"
"1",8,"1958-06-08","Northern_Ireland",1,0,"Czechoslovakia","Örjans Vall, Halmstad",1958,"Sweden"
"1",15,"1958-06-11","Argentina",3,1,"Northern_Ireland","Örjans Vall, Halmstad",1958,"Sweden"
"1",14,"1958-06-11","West_Germany",2,2,"Czechoslovakia","Olympiastadion, Helsingborg",1958,"Sweden"
"1",23,"1958-06-15","West_Germany",2,2,"Northern_Ireland","Malmö Stadion, Malmö",1958,"Sweden"
"1",24,"1958-06-15","Czechoslovakia",6,1,"Argentina","Olympiastadion, Helsingborg",1958,"Sweden"
"1",35,"1958-06-17","Northern_Ireland",2,1,"Czechoslovakia","Malmö Stadion, Malmö",1958,"Sweden"
"2",3,"1958-06-08","France",7,3,"Paraguay","Idrottsparken, Norrköping",1958,"Sweden"
"2",4,"1958-06-08","Yugoslavia",1,1,"Scotland","Arosvallen, Västerås",1958,"Sweden"
"2",11,"1958-06-11","Yugoslavia",3,2,"France","Arosvallen, Västerås",1958,"Sweden"
"2",10,"1958-06-11","Paraguay",3,2,"Scotland","Idrottsparken, Norrköping",1958,"Sweden"
"2",20,"1958-06-15","France",2,1,"Scotland","Eyravallen, Örebro",1958,"Sweden"
"2",19,"1958-06-15","Paraguay",3,3,"Yugoslavia","Tunavallen, Eskilstuna",1958,"Sweden"
"3",1,"1958-06-08","Sweden",3,0,"Mexico","Råsunda Stadium, Solna",1958,"Sweden"
"3",2,"1958-06-08","Hungary",1,1,"Wales","Jernvallen, Sandviken",1958,"Sweden"
"3",9,"1958-06-11","Mexico",1,1,"Wales","Råsunda Stadium, Solna",1958,"Sweden"
"3",16,"1958-06-12","Sweden",2,1,"Hungary","Råsunda Stadium, Solna",1958,"Sweden"
"3",17,"1958-06-15","Sweden",0,0,"Wales","Råsunda Stadium, Solna",1958,"Sweden"
"3",18,"1958-06-15","Hungary",4,0,"Mexico","Jernvallen, Sandviken",1958,"Sweden"
"3",33,"1958-06-17","Wales",2,1,"Hungary","Råsunda Stadium, Solna",1958,"Sweden"
"4",6,"1958-06-08","Brazil",3,0,"Austria","Rimnersvallen, Uddevalla",1958,"Sweden"
"4",5,"1958-06-08","Soviet_Union",2,2,"England","Ullevi, Gothenburg",1958,"Sweden"
"4",12,"1958-06-11","Brazil",0,0,"England","Ullevi, Gothenburg",1958,"Sweden"
"4",13,"1958-06-11","Soviet_Union",2,0,"Austria","Ryavallen, Borås",1958,"Sweden"
"4",22,"1958-06-15","England",2,2,"Austria","Ryavallen, Borås",1958,"Sweden"
"4",21,"1958-06-15","Brazil",2,0,"Soviet_Union","Ullevi, Gothenburg",1958,"Sweden"
"4",34,"1958-06-17","Soviet_Union",1,0,"England","Ullevi, Gothenburg",1958,"Sweden"
"Quarter-finals",26,"1958-06-19","France",4,0,"Northern_Ireland","Idrottsparken, Norrköping",1958,"Sweden"
"Quarter-finals",25,"1958-06-19","Sweden",2,0,"Soviet_Union","Råsunda Stadium, Solna",1958,"Sweden"
"Quarter-finals",27,"1958-06-19","Brazil",1,0,"Wales","Ullevi, Gothenburg",1958,"Sweden"
"Quarter-finals",28,"1958-06-19","West_Germany",1,0,"Yugoslavia","Malmö Stadion, Malmö",1958,"Sweden"
"Semi-finals",29,"1958-06-24","France",2,5,"Brazil","Råsunda Stadium, Solna",1958,"Sweden"
"Semi-finals",30,"1958-06-24","West_Germany",1,3,"Sweden","Ullevi, Gothenburg",1958,"Sweden"
"Semi-finals",31,"1958-06-28","West_Germany",3,6,"France","Ullevi, Gothenburg",1958,"Sweden"
"Final",32,"1958-06-29","Sweden",2,5,"Brazil","Råsunda Stadium, Solna",1958,"Sweden"
"1",1,"1962-05-30","Uruguay",2,1,"Colombia","Estadio Carlos Dittborn, Arica",1962,"Chile"
"1",5,"1962-05-31","Soviet_Union",2,0,"Yugoslavia","Estadio Carlos Dittborn, Arica",1962,"Chile"
"1",9,"1962-06-02","Yugoslavia",3,1,"Uruguay","Estadio Carlos Dittborn, Arica",1962,"Chile"
"1",13,"1962-06-03","Soviet_Union",4,4,"Colombia","Estadio Carlos Dittborn, Arica",1962,"Chile"
"1",17,"1962-06-06","Soviet_Union",2,1,"Uruguay","Estadio Carlos Dittborn, Arica",1962,"Chile"
"1",21,"1962-06-07","Yugoslavia",5,0,"Colombia","Estadio Carlos Dittborn, Arica",1962,"Chile"
"2",2,"1962-05-30","Chile",3,1,"Switzerland","Estadio Nacional, Santiago",1962,"Chile"
"2",6,"1962-05-31","West_Germany",0,0,"Italy","Estadio Nacional, Santiago",1962,"Chile"
"2",10,"1962-06-02","Chile",2,0,"Italy","Estadio Nacional, Santiago",1962,"Chile"
"2",14,"1962-06-03","West_Germany",2,1,"Switzerland","Estadio Nacional, Santiago",1962,"Chile"
"2",18,"1962-06-06","West_Germany",2,0,"Chile","Estadio Nacional, Santiago",1962,"Chile"
"2",22,"1962-06-07","Italy",3,0,"Switzerland","Estadio Nacional, Santiago",1962,"Chile"
"3",3,"1962-05-30","Brazil",2,0,"Mexico","Estadio Sausalito, Viña del Mar",1962,"Chile"
"3",7,"1962-05-31","Czechoslovakia",1,0,"Spain","Estadio Sausalito, Viña del Mar",1962,"Chile"
"3",11,"1962-06-02","Brazil",0,0,"Czechoslovakia","Estadio Sausalito, Viña del Mar",1962,"Chile"
"3",15,"1962-06-03","Spain",1,0,"Mexico","Estadio Sausalito, Viña del Mar",1962,"Chile"
"3",19,"1962-06-06","Brazil",2,1,"Spain","Estadio Sausalito, Viña del Mar",1962,"Chile"
"3",23,"1962-06-07","Mexico",3,1,"Czechoslovakia","Estadio Sausalito, Viña del Mar",1962,"Chile"
"4",4,"1962-05-30","Argentina",1,0,"Bulgaria","Estadio El Teniente, Rancagua",1962,"Chile"
"4",8,"1962-05-31","Hungary",2,1,"England","Estadio El Teniente, Rancagua",1962,"Chile"
"4",12,"1962-06-02","England",3,1,"Argentina","Estadio El Teniente, Rancagua",1962,"Chile"
"4",16,"1962-06-03","Hungary",6,1,"Bulgaria","Estadio El Teniente, Rancagua",1962,"Chile"
"4",20,"1962-06-06","Hungary",0,0,"Argentina","Estadio El Teniente, Rancagua",1962,"Chile"
"4",24,"1962-06-07","England",0,0,"Bulgaria","Estadio El Teniente, Rancagua",1962,"Chile"
"Quarter-finals",25,"1962-06-10","Chile",2,1,"Soviet_Union","Estadio Carlos Dittborn, Arica",1962,"Chile"
"Quarter-finals",26,"1962-06-10","Yugoslavia",1,0,"West_Germany","Estadio Nacional, Santiago",1962,"Chile"
"Quarter-finals",27,"1962-06-10","Brazil",3,1,"England","Estadio Sausalito, Viña del Mar",1962,"Chile"
"Quarter-finals",28,"1962-06-10","Czechoslovakia",1,0,"Hungary","Estadio El Teniente, Rancagua",1962,"Chile"
"Semi-finals",29,"1962-06-13","Brazil",4,2,"Chile","Estadio Nacional, Santiago",1962,"Chile"
"Semi-finals",30,"1962-06-13","Czechoslovakia",3,1,"Yugoslavia","Estadio Sausalito, Viña del Mar",1962,"Chile"
"Semi-finals",31,"1962-06-16","Chile",1,0,"Yugoslavia","Estadio Nacional, Santiago",1962,"Chile"
"Final",32,"1962-06-17","Brazil",3,1,"Czechoslovakia","Estadio Nacional, Santiago",1962,"Chile"
"1",1,"1966-07-11","England",0,0,"Uruguay","Wembley Stadium, London",1966,"England"
"1",5,"1966-07-13","France",1,1,"Mexico","Wembley Stadium, London",1966,"England"
"1",9,"1966-07-15","Uruguay",2,1,"France","White City Stadium, London",1966,"England"
"1",13,"1966-07-16","England",2,0,"Mexico","Wembley Stadium, London",1966,"England"
"1",17,"1966-07-19","Mexico",0,0,"Uruguay","Wembley Stadium, London",1966,"England"
"1",21,"1966-07-20","England",2,0,"France","Wembley Stadium, London",1966,"England"
"2",2,"1966-07-12","West_Germany",5,0,"Switzerland","Hillsborough Stadium, Sheffield",1966,"England"
"2",6,"1966-07-13","Argentina",2,1,"Spain","Villa Park, Birmingham",1966,"England"
"2",10,"1966-07-15","Spain",2,1,"Switzerland","Hillsborough Stadium, Sheffield",1966,"England"
"2",14,"1966-07-16","Argentina",0,0,"West_Germany","Villa Park, Birmingham",1966,"England"
"2",18,"1966-07-19","Argentina",2,0,"Switzerland","Hillsborough Stadium, Sheffield",1966,"England"
"2",22,"1966-07-20","West_Germany",2,1,"Spain","Villa Park, Birmingham",1966,"England"
"3",3,"1966-07-12","Brazil",2,0,"Bulgaria","Goodison Park, Liverpool",1966,"England"
"3",7,"1966-07-13","Portugal",3,1,"Hungary","Old Trafford, Manchester",1966,"England"
"3",11,"1966-07-15","Hungary",3,1,"Brazil","Goodison Park, Liverpool",1966,"England"
"3",15,"1966-07-16","Portugal",3,0,"Bulgaria","Old Trafford, Manchester",1966,"England"
"3",19,"1966-07-19","Portugal",3,1,"Brazil","Goodison Park, Liverpool",1966,"England"
"3",23,"1966-07-20","Hungary",3,1,"Bulgaria","Old Trafford, Manchester",1966,"England"
"4",4,"1966-07-12","Soviet_Union",3,0,"North_Korea","Ayresome Park, Middlesbrough",1966,"England"
"4",8,"1966-07-13","Italy",2,0,"Chile","Roker Park, Sunderland",1966,"England"
"4",12,"1966-07-15","Chile",1,1,"North_Korea","Ayresome Park, Middlesbrough",1966,"England"
"4",16,"1966-07-16","Soviet_Union",1,0,"Italy","Roker Park, Sunderland",1966,"England"
"4",20,"1966-07-19","North_Korea",1,0,"Italy","Ayresome Park, Middlesbrough",1966,"England"
"4",24,"1966-07-20","Soviet_Union",2,1,"Chile","Roker Park, Sunderland",1966,"England"
"Quarter-finals",25,"1966-07-23","England",1,0,"Argentina","Wembley Stadium, London",1966,"England"
"Quarter-finals",26,"1966-07-23","West_Germany",4,0,"Uruguay","Hillsborough Stadium, Sheffield",1966,"England"
"Quarter-finals",27,"1966-07-23","Soviet_Union",2,1,"Hungary","Roker Park, Sunderland",1966,"England"
"Quarter-finals",28,"1966-07-23","Portugal",5,3,"North_Korea","Goodison Park, Liverpool",1966,"England"
"Semi-finals",29,"1966-07-25","West_Germany",2,1,"Soviet_Union","Goodison Park, Liverpool",1966,"England"
"Semi-finals",30,"1966-07-26","England",2,1,"Portugal","Wembley Stadium, London",1966,"England"
"Semi-finals",31,"1966-07-28","Portugal",2,1,"Soviet_Union","Wembley Stadium, London",1966,"England"
"Final",32,"1966-07-30","England",4,2,"West_Germany","Wembley Stadium, London",1966,"England"
"1",1,"1970-05-31","Mexico",0,0,"Soviet_Union","Estadio Azteca, Mexico City",1970,"Mexico"
"1",5,"1970-06-03","Belgium",3,0,"El_Salvador","Estadio Azteca, Mexico City",1970,"Mexico"
"1",9,"1970-06-06","Soviet_Union",4,1,"Belgium","Estadio Azteca, Mexico City",1970,"Mexico"
"1",13,"1970-06-07","Mexico",4,0,"El_Salvador","Estadio Azteca, Mexico City",1970,"Mexico"
"1",17,"1970-06-10","Soviet_Union",2,0,"El_Salvador","Estadio Azteca, Mexico City",1970,"Mexico"
"1",21,"1970-06-11","Mexico",1,0,"Belgium","Estadio Azteca, Mexico City",1970,"Mexico"
"2",2,"1970-06-02","Uruguay",2,0,"Israel","Estadio Cuauhtémoc, Puebla",1970,"Mexico"
"2",6,"1970-06-03","Italy",1,0,"Sweden","Estadio Luis Dosal, Toluca",1970,"Mexico"
"2",10,"1970-06-06","Uruguay",0,0,"Italy","Estadio Cuauhtémoc, Puebla",1970,"Mexico"
"2",14,"1970-06-07","Sweden",1,1,"Israel","Estadio Luis Dosal, Toluca",1970,"Mexico"
"2",18,"1970-06-10","Uruguay",0,1,"Sweden","Estadio Cuauhtémoc, Puebla",1970,"Mexico"
"2",22,"1970-06-11","Israel",0,0,"Italy","Estadio Luis Dosal, Toluca",1970,"Mexico"
"3",3,"1970-06-02","Romania",0,1,"England","Estadio Jalisco, Guadalajara",1970,"Mexico"
"3",7,"1970-06-03","Czechoslovakia",1,4,"Brazil","Estadio Jalisco, Guadalajara",1970,"Mexico"
"3",11,"1970-06-06","Romania",2,1,"Czechoslovakia","Estadio Jalisco, Guadalajara",1970,"Mexico"
"3",15,"1970-06-07","England",0,1,"Brazil","Estadio Jalisco, Guadalajara",1970,"Mexico"
"3",19,"1970-06-10","Romania",2,3,"Brazil","Estadio Jalisco, Guadalajara",1970,"Mexico"
"3",23,"1970-06-11","England",1,0,"Czechoslovakia","Estadio Jalisco, Guadalajara",1970,"Mexico"
"4",4,"1970-06-02","Peru",3,2,"Bulgaria","Estadio Nou Camp, León",1970,"Mexico"
"4",8,"1970-06-03","Morocco",1,2,"West_Germany","Estadio Nou Camp, León",1970,"Mexico"
"4",12,"1970-06-06","Peru",3,0,"Morocco","Estadio Nou Camp, León",1970,"Mexico"
"4",16,"1970-06-07","Bulgaria",2,5,"West_Germany","Estadio Nou Camp, León",1970,"Mexico"
"4",20,"1970-06-10","Peru",1,3,"West_Germany","Estadio Nou Camp, León",1970,"Mexico"
"4",24,"1970-06-11","Bulgaria",1,1,"Morocco","Estadio Nou Camp, León",1970,"Mexico"
"Quarter-finals",25,"1970-06-14","Soviet_Union",0,1,"Uruguay","Estadio Azteca, Mexico City",1970,"Mexico"
"Quarter-finals",26,"1970-06-14","Italy",4,1,"Mexico","Estadio Luis Dosal, Toluca",1970,"Mexico"
"Quarter-finals",27,"1970-06-14","Brazil",4,2,"Peru","Estadio Jalisco, Guadalajara",1970,"Mexico"
"Quarter-finals",28,"1970-06-14","West_Germany",3,2,"England","Estadio Nou Camp, León",1970,"Mexico"
"Semi-finals",29,"1970-06-17","Uruguay",1,3,"Brazil","Estadio Jalisco, Guadalajara",1970,"Mexico"
"Semi-finals",30,"1970-06-17","Italy",4,3,"West_Germany","Estadio Azteca, Mexico City",1970,"Mexico"
"Semi-finals",31,"1970-06-20","Uruguay",0,1,"West_Germany","Estadio Azteca, Mexico City",1970,"Mexico"
"Final",32,"1970-06-21","Brazil",4,1,"Italy","Estadio Azteca, Mexico City",1970,"Mexico"
"1",1,"1974-06-14","West_Germany",1,0,"Chile","Olympiastadion, West Berlin",1974,"West_Germany"
"1",2,"1974-06-14","East_Germany",2,0,"Australia","Volksparkstadion, Hamburg",1974,"West_Germany"
"1",9,"1974-06-18","Chile",1,1,"East_Germany","Olympiastadion, West Berlin",1974,"West_Germany"
"1",10,"1974-06-18","Australia",0,3,"West_Germany","Volksparkstadion, Hamburg",1974,"West_Germany"
"1",17,"1974-06-22","Australia",0,0,"Chile","Olympiastadion, West Berlin",1974,"West_Germany"
"1",18,"1974-06-22","East_Germany",1,0,"West_Germany","Volksparkstadion, Hamburg",1974,"West_Germany"
"2",3,"1974-06-13","Brazil",0,0,"Yugoslavia","Waldstadion, Frankfurt",1974,"West_Germany"
"2",4,"1974-06-14","Zaire",0,2,"Scotland","Westfalenstadion, Dortmund",1974,"West_Germany"
"2",11,"1974-06-18","Yugoslavia",9,0,"Zaire","Parkstadion, Gelsenkirchen",1974,"West_Germany"
"2",12,"1974-06-18","Scotland",0,0,"Brazil","Waldstadion, Frankfurt",1974,"West_Germany"
"2",19,"1974-06-22","Scotland",1,1,"Yugoslavia","Waldstadion, Frankfurt",1974,"West_Germany"
"2",20,"1974-06-22","Zaire",0,3,"Brazil","Parkstadion, Gelsenkirchen",1974,"West_Germany"
"3",5,"1974-06-15","Uruguay",0,2,"Netherlands","Niedersachsenstadion, Hanover",1974,"West_Germany"
"3",6,"1974-06-15","Sweden",0,0,"Bulgaria","Rheinstadion, Düsseldorf",1974,"West_Germany"
"3",13,"1974-06-19","Netherlands",0,0,"Sweden","Westfalenstadion, Dortmund",1974,"West_Germany"
"3",14,"1974-06-19","Uruguay",1,1,"Bulgaria","Niedersachsenstadion, Hanover",1974,"West_Germany"
"3",21,"1974-06-23","Netherlands",4,1,"Bulgaria","Westfalenstadion, Dortmund",1974,"West_Germany"
"3",22,"1974-06-23","Sweden",3,0,"Uruguay","Rheinstadion, Düsseldorf",1974,"West_Germany"
"4",7,"1974-06-15","Italy",3,1,"Haiti","Olympiastadion, Munich",1974,"West_Germany"
"4",8,"1974-06-15","Poland",3,2,"Argentina","Neckarstadion, Stuttgart",1974,"West_Germany"
"4",15,"1974-06-19","Haiti",0,7,"Poland","Olympiastadion, Munich",1974,"West_Germany"
"4",16,"1974-06-19","Argentina",1,1,"Italy","Neckarstadion, Stuttgart",1974,"West_Germany"
"4",23,"1974-06-23","Argentina",4,1,"Haiti","Olympiastadion, Munich",1974,"West_Germany"
"4",24,"1974-06-23","Poland",2,1,"Italy","Neckarstadion, Stuttgart",1974,"West_Germany"
"I",25,"1974-06-26","Brazil",1,0,"East_Germany","Niedersachsenstadion, Hanover",1974,"West_Germany"
"I",26,"1974-06-26","Netherlands",4,0,"Argentina","Parkstadion, Gelsenkirchen",1974,"West_Germany"
"I",29,"1974-06-30","East_Germany",0,2,"Netherlands","Parkstadion, Gelsenkirchen",1974,"West_Germany"
"I",30,"1974-06-30","Argentina",1,2,"Brazil","Niedersachsenstadion, Hanover",1974,"West_Germany"
"I",33,"1974-07-03","Argentina",1,1,"East_Germany","Parkstadion, Gelsenkirchen",1974,"West_Germany"
"I",34,"1974-07-03","Netherlands",2,0,"Brazil","Westfalenstadion, Dortmund",1974,"West_Germany"
"J",27,"1974-06-26","Yugoslavia",0,2,"West_Germany","Rheinstadion, Düsseldorf",1974,"West_Germany"
"J",28,"1974-06-26","Sweden",0,1,"Poland","Neckarstadion, Stuttgart",1974,"West_Germany"
"J",31,"1974-06-30","West_Germany",4,2,"Sweden","Rheinstadion, Düsseldorf",1974,"West_Germany"
"J",32,"1974-06-30","Poland",2,1,"Yugoslavia","Waldstadion, Frankfurt",1974,"West_Germany"
"J",35,"1974-07-03","Poland",0,1,"West_Germany","Waldstadion, Frankfurt",1974,"West_Germany"
"J",36,"1974-07-03","Sweden",2,1,"Yugoslavia","Rheinstadion, Düsseldorf",1974,"West_Germany"
"J",37,"1974-07-06","Brazil",0,1,"Poland","Olympiastadion, Munich",1974,"West_Germany"
"Final",38,"1974-07-07","Netherlands",1,2,"West_Germany","Olympiastadion, Munich",1974,"West_Germany"
"1",2,"1978-06-02","Argentina",2,1,"Hungary","Estadio Monumental, Buenos Aires",1978,"Argentina"
"1",3,"1978-06-02","Italy",2,1,"France","Estadio José María Minella, Mar del Plata",1978,"Argentina"
"1",9,"1978-06-06","Argentina",2,1,"France","Estadio Monumental, Buenos Aires",1978,"Argentina"
"1",10,"1978-06-06","Italy",3,1,"Hungary","Estadio José María Minella, Mar del Plata",1978,"Argentina"
"1",17,"1978-06-10","Argentina",0,1,"Italy","Estadio Monumental, Buenos Aires",1978,"Argentina"
"1",18,"1978-06-10","France",3,1,"Hungary","Estadio José María Minella, Mar del Plata",1978,"Argentina"
"2",1,"1978-06-01","West_Germany",0,0,"Poland","Estadio Monumental, Buenos Aires",1978,"Argentina"
"2",4,"1978-06-02","Tunisia",3,1,"Mexico","Estadio Gigante de Arroyito, Rosario",1978,"Argentina"
"2",11,"1978-06-06","Poland",1,0,"Tunisia","Estadio Gigante de Arroyito, Rosario",1978,"Argentina"
"2",12,"1978-06-06","West_Germany",6,0,"Mexico","Estadio Chateau Carreras, Córdoba",1978,"Argentina"
"2",19,"1978-06-10","Poland",3,1,"Mexico","Estadio Gigante de Arroyito, Rosario",1978,"Argentina"
"2",20,"1978-06-10","West_Germany",0,0,"Tunisia","Estadio Olímpico Chateau Carreras, Córdoba",1978,"Argentina"
"3",5,"1978-06-03","Austria",2,1,"Spain","Estadio José Amalfitani, Buenos Aires",1978,"Argentina"
"3",6,"1978-06-03","Brazil",1,1,"Sweden","Estadio José Maria Minella, Mar del Plata",1978,"Argentina"
"3",13,"1978-06-07","Austria",1,0,"Sweden","Estadio José Amalfitani, Buenos Aires",1978,"Argentina"
"3",14,"1978-06-07","Brazil",0,0,"Spain","Estadio José Maria Minella, Mar del Plata",1978,"Argentina"
"3",21,"1978-06-11","Spain",1,0,"Sweden","Estadio José Amalfitani, Buenos Aires",1978,"Argentina"
"3",22,"1978-06-11","Brazil",1,0,"Austria","Estadio José Maria Minella, Mar del Plata",1978,"Argentina"
"4",7,"1978-06-03","Peru",3,1,"Scotland","Estadio Chateau Carreras, Córdoba",1978,"Argentina"
"4",8,"1978-06-03","Netherlands",3,0,"Iran","Estadio Ciudad de Mendoza, Mendoza",1978,"Argentina"
"4",15,"1978-06-07","Scotland",1,1,"Iran","Estadio Chateau Carreras, Córdoba",1978,"Argentina"
"4",16,"1978-06-07","Netherlands",0,0,"Peru","Estadio Ciudad de Mendoza, Mendoza",1978,"Argentina"
"4",23,"1978-06-11","Peru",4,1,"Iran","Estadio Chateau Carreras, Córdoba",1978,"Argentina"
"4",24,"1978-06-11","Scotland",3,2,"Netherlands","Estadio Ciudad de Mendoza, Mendoza",1978,"Argentina"
"I",25,"1978-06-14","Italy",0,0,"West_Germany","Estadio Monumental, Buenos Aires",1978,"Argentina"
"I",27,"1978-06-14","Austria",1,5,"Netherlands","Estadio Chateau Carreras, Córdoba",1978,"Argentina"
"I",29,"1978-06-18","Italy",1,0,"Austria","Estadio Monumental, Buenos Aires",1978,"Argentina"
"I",31,"1978-06-18","Netherlands",2,2,"West_Germany","Estadio Chateau Carreras, Córdoba",1978,"Argentina"
"I",33,"1978-06-21","Italy",1,2,"Netherlands","Estadio Monumental, Buenos Aires",1978,"Argentina"
"I",35,"1978-06-21","Austria",3,2,"West_Germany","Estadio Chateau Carreras, Córdoba",1978,"Argentina"
"J",26,"1978-06-14","Argentina",2,0,"Poland","Estadio Gigante de Arroyito, Rosario",1978,"Argentina"
"J",28,"1978-06-14","Peru",0,3,"Brazil","Estadio Ciudad de Mendoza, Mendoza",1978,"Argentina"
"J",30,"1978-06-18","Argentina",0,0,"Brazil","Estadio Gigante de Arroyito, Rosario",1978,"Argentina"
"J",32,"1978-06-18","Peru",0,1,"Poland","Estadio Ciudad de Mendoza, Mendoza",1978,"Argentina"
"J",34,"1978-06-21","Argentina",6,0,"Peru","Estadio Gigante de Arroyito, Rosario",1978,"Argentina"
"J",36,"1978-06-21","Poland",1,3,"Brazil","Estadio Ciudad de Mendoza, Mendoza",1978,"Argentina"
"J",37,"1978-06-24","Brazil",2,1,"Italy","Estadio Monumental, Buenos Aires",1978,"Argentina"
"Final",38,"1978-06-25","Netherlands",1,3,"Argentina","Estadio Monumental, Buenos Aires",1978,"Argentina"
"1",2,"1982-06-14","Italy",0,0,"Poland","Balaídos, Vigo",1982,"Spain"
"1",4,"1982-06-15","Peru",0,0,"Cameroon","Estadio de Riazor, A Coruña",1982,"Spain"
"1",13,"1982-06-18","Italy",1,1,"Peru","Balaídos, Vigo",1982,"Spain"
"1",16,"1982-06-19","Poland",0,0,"Cameroon","Estadio de Riazor, A Coruña",1982,"Spain"
"1",25,"1982-06-22","Poland",5,1,"Peru","Estadio de Riazor, A Coruña",1982,"Spain"
"1",28,"1982-06-23","Italy",1,1,"Cameroon","Balaídos, Vigo",1982,"Spain"
"2",7,"1982-06-16","West_Germany",1,2,"Algeria","El Molinón, Gijón",1982,"Spain"
"2",10,"1982-06-17","Chile",0,1,"Austria","Estadio Carlos Tartiere, Oviedo",1982,"Spain"
"2",19,"1982-06-20","West_Germany",4,1,"Chile","El Molinón, Gijón",1982,"Spain"
"2",22,"1982-06-21","Algeria",0,2,"Austria","Estadio Carlos Tartiere, Oviedo",1982,"Spain"
"2",31,"1982-06-24","Algeria",3,2,"Chile","Estadio Carlos Tartiere, Oviedo",1982,"Spain"
"2",34,"1982-06-25","West_Germany",1,0,"Austria","El Molinón, Gijón",1982,"Spain"
"3",1,"1982-06-13","Argentina",0,1,"Belgium","Camp Nou, Barcelona",1982,"Spain"
"3",5,"1982-06-15","Hungary",10,1,"El_Salvador","Nuevo Estadio, Elche",1982,"Spain"
"3",14,"1982-06-18","Argentina",4,1,"Hungary","Estadio José Rico Pérez, Alicante",1982,"Spain"
"3",17,"1982-06-19","Belgium",1,0,"El_Salvador","Nuevo Estadio, Elche",1982,"Spain"
"3",26,"1982-06-22","Belgium",1,1,"Hungary","Nuevo Estadio, Elche",1982,"Spain"
"3",29,"1982-06-23","Argentina",2,0,"El_Salvador","Estadio José Rico Pérez, Alicante",1982,"Spain"
"4",8,"1982-06-16","England",3,1,"France","Estadio San Mamés, Bilbao",1982,"Spain"
"4",11,"1982-06-17","Czechoslovakia",1,1,"Kuwait","Estadio José Zorrilla, Valladolid",1982,"Spain"
"4",20,"1982-06-20","England",2,0,"Czechoslovakia","Estadio San Mamés, Bilbao",1982,"Spain"
"4",23,"1982-06-21","France",4,1,"Kuwait","Estadio José Zorrilla, Valladolid",1982,"Spain"
"4",32,"1982-06-24","France",1,1,"Czechoslovakia","Estadio José Zorrilla, Valladolid",1982,"Spain"
"4",35,"1982-06-25","England",1,0,"Kuwait","Estadio San Mamés, Bilbao",1982,"Spain"
"5",9,"1982-06-16","Spain",1,1,"Honduras","Estadio Luis Casanova, Valencia",1982,"Spain"
"5",12,"1982-06-17","Yugoslavia",0,0,"Northern_Ireland","La Romareda, Zaragoza",1982,"Spain"
"5",21,"1982-06-20","Spain",2,1,"Yugoslavia","Estadio Luis Casanova, Valencia",1982,"Spain"
"5",24,"1982-06-21","Honduras",1,1,"Northern_Ireland","La Romareda, Zaragoza",1982,"Spain"
"5",33,"1982-06-24","Honduras",0,1,"Yugoslavia","La Romareda, Zaragoza",1982,"Spain"
"5",36,"1982-06-25","Spain",0,1,"Northern_Ireland","Estadio Luis Casanova, Valencia",1982,"Spain"
"6",3,"1982-06-14","Brazil",2,1,"Soviet_Union","Estadio Ramón Sánchez Pizjuán, Seville",1982,"Spain"
"6",6,"1982-06-15","Scotland",5,2,"New_Zealand","Estadio La Rosaleda, Málaga",1982,"Spain"
"6",15,"1982-06-18","Brazil",4,1,"Scotland","Estadio Benito Villamarín, Seville",1982,"Spain"
"6",18,"1982-06-19","Soviet_Union",3,0,"New_Zealand","Estadio La Rosaleda, Málaga",1982,"Spain"
"6",27,"1982-06-22","Soviet_Union",2,2,"Scotland","Estadio La Rosaleda, Málaga",1982,"Spain"
"6",30,"1982-06-23","Brazil",4,0,"New_Zealand","Estadio Benito Villamarín, Seville",1982,"Spain"
"I",38,"1982-06-28","Poland",3,0,"Belgium","Camp Nou, Barcelona",1982,"Spain"
"I",42,"1982-07-01","Belgium",0,1,"Soviet_Union","Camp Nou, Barcelona",1982,"Spain"
"I",46,"1982-07-04","Soviet_Union",0,0,"Poland","Camp Nou, Barcelona",1982,"Spain"
"J",40,"1982-06-29","West_Germany",0,0,"England","Estadio Santiago Bernabéu, Madrid",1982,"Spain"
"J",44,"1982-07-02","West_Germany",2,1,"Spain","Estadio Santiago Bernabéu, Madrid",1982,"Spain"
"J",48,"1982-07-05","Spain",0,0,"England","Estadio Santiago Bernabéu, Madrid",1982,"Spain"
"K",39,"1982-06-29","Italy",2,1,"Argentina","Estadio Sarriá, Barcelona",1982,"Spain"
"K",43,"1982-07-02","Argentina",1,3,"Brazil","Estadio Sarriá, Barcelona",1982,"Spain"
"K",47,"1982-07-05","Italy",3,2,"Brazil","Estadio Sarriá, Barcelona",1982,"Spain"
"L",37,"1982-06-28","Austria",0,1,"France","Estadio Vicente Calderón, Madrid",1982,"Spain"
"L",41,"1982-07-01","Austria",2,2,"Northern_Ireland","Estadio Vicente Calderón, Madrid",1982,"Spain"
"L",45,"1982-07-04","Northern_Ireland",1,4,"France","Estadio Vicente Calderón, Madrid",1982,"Spain"
"Semi-finals",49,"1982-07-08","Poland",0,2,"Italy","Camp Nou, Barcelona",1982,"Spain"
"Semi-finals",50,"1982-07-08","West_Germany",5,4,"France","Estadio Ramón Sánchez Pizjuán, Seville",1982,"Spain"
"Semi-finals",51,"1982-07-10","Poland",3,2,"France","Estadio José Rico Pérez, Alicante",1982,"Spain"
"Final",52,"1982-07-11","Italy",3,1,"West_Germany","Estadio Santiago Bernabéu",1982,"Spain"
"A",1,"1986-05-31","Bulgaria",1,1,"Italy","Estadio Azteca, Mexico City",1986,"Mexico"
"A",4,"1986-06-02","Argentina",3,1,"South_Korea","Estadio Olímpico Universitario, Mexico City",1986,"Mexico"
"A",13,"1986-06-05","Italy",1,1,"Argentina","Estadio Cuauhtémoc, Puebla",1986,"Mexico"
"A",14,"1986-06-05","South_Korea",1,1,"Bulgaria","Estadio Olímpico Universitario, Mexico City",1986,"Mexico"
"A",27,"1986-06-10","South_Korea",2,3,"Italy","Estadio Cuauhtémoc, Puebla",1986,"Mexico"
"A",28,"1986-06-10","Argentina",2,0,"Bulgaria","Estadio Olímpico Universitario, Mexico City",1986,"Mexico"
"B",7,"1986-06-03","Belgium",1,2,"Mexico","Estadio Azteca, Mexico City",1986,"Mexico"
"B",10,"1986-06-04","Paraguay",1,0,"Iraq","Estadio Nemesio Díez, Toluca",1986,"Mexico"
"B",19,"1986-06-07","Mexico",1,1,"Paraguay","Estadio Azteca, Mexico City",1986,"Mexico"
"B",22,"1986-06-08","Iraq",1,2,"Belgium","Estadio Nemesio Díez, Toluca",1986,"Mexico"
"B",29,"1986-06-11","Iraq",0,1,"Mexico","Estadio Azteca, Mexico City",1986,"Mexico"
"B",30,"1986-06-11","Paraguay",2,2,"Belgium","Estadio Nemesio Díez, Toluca",1986,"Mexico"
"C",2,"1986-06-01","Canada",0,1,"France","Estadio Nou Camp, León",1986,"Mexico"
"C",5,"1986-06-02","Soviet_Union",6,0,"Hungary","Estadio Sergio León Chavez, Irapuato",1986,"Mexico"
"C",15,"1986-06-05","France",1,1,"Soviet_Union","Estadio Nou Camp, León",1986,"Mexico"
"C",16,"1986-06-06","Hungary",2,0,"Canada","Estadio Sergio León Chavez, Irapuato",1986,"Mexico"
"C",25,"1986-06-09","Hungary",0,3,"France","Estadio Nou Camp, León",1986,"Mexico"
"C",26,"1986-06-09","Soviet_Union",2,0,"Canada","Estadio Sergio León Chavez, Irapuato",1986,"Mexico"
"D",3,"1986-06-01","Spain",0,1,"Brazil","Estadio Jalisco, Guadalajara",1986,"Mexico"
"D",8,"1986-06-03","Algeria",1,1,"Northern_Ireland","Estadio Tres de Marzo, Guadalajara",1986,"Mexico"
"D",17,"1986-06-06","Brazil",1,0,"Algeria","Estadio Jalisco, Guadalajara",1986,"Mexico"
"D",20,"1986-06-07","Northern_Ireland",1,2,"Spain","Estadio Tres de Marzo, Guadalajara",1986,"Mexico"
"D",33,"1986-06-12","Northern_Ireland",0,3,"Brazil","Estadio Jalisco, Guadalajara",1986,"Mexico"
"D",34,"1986-06-12","Algeria",0,3,"Spain","Estadio Tecnológico, Monterrey",1986,"Mexico"
"E",11,"1986-06-04","Uruguay",1,1,"West_Germany","Estadio La Corregidora, Querétaro",1986,"Mexico"
"E",12,"1986-06-04","Scotland",0,1,"Denmark","Estadio Neza 86, Nezahualcóyotl",1986,"Mexico"
"E",23,"1986-06-08","West_Germany",2,1,"Scotland","Estadio La Corregidora, Querétaro",1986,"Mexico"
"E",24,"1986-06-08","Denmark",6,1,"Uruguay","Estadio Neza 86, Nezahualcóyotl",1986,"Mexico"
"E",35,"1986-06-13","Denmark",2,0,"West_Germany","Estadio La Corregidora, Querétaro",1986,"Mexico"
"E",36,"1986-06-13","Scotland",0,0,"Uruguay","Estadio Neza 86, Nezahualcóyotl",1986,"Mexico"
"F",6,"1986-06-02","Morocco",0,0,"Poland","Estadio Universitario, Monterrey",1986,"Mexico"
"F",9,"1986-06-03","Portugal",1,0,"England","Estadio Tecnológico, Monterrey",1986,"Mexico"
"F",18,"1986-06-06","England",0,0,"Morocco","Estadio Tecnológico, Monterrey",1986,"Mexico"
"F",21,"1986-06-07","Poland",1,0,"Portugal","Estadio Universitario, Monterrey",1986,"Mexico"
"F",31,"1986-06-11","Portugal",1,3,"Morocco","Estadio Tres de Marzo, Guadalajara",1986,"Mexico"
"F",32,"1986-06-11","England",3,0,"Poland","Estadio Tecnológico, Monterrey",1986,"Mexico"
"Round_of_16",37,"1986-06-15","Mexico",2,0,"Bulgaria","Estadio Azteca, Mexico City",1986,"Mexico"
"Round_of_16",38,"1986-06-15","Soviet_Union",3,4,"Belgium","Estadio Nou Camp, León",1986,"Mexico"
"Round_of_16",39,"1986-06-16","Argentina",1,0,"Uruguay","Estadio Cuauhtémoc, Puebla",1986,"Mexico"
"Round_of_16",40,"1986-06-16","Brazil",4,0,"Poland","Estadio Jalisco, Guadalajara",1986,"Mexico"
"Round_of_16",41,"1986-06-17","Italy",0,2,"France","Estadio Olímpico Universitario, Mexico City",1986,"Mexico"
"Round_of_16",42,"1986-06-17","Morocco",0,1,"West_Germany","Estadio Universitario, Monterrey",1986,"Mexico"
"Round_of_16",43,"1986-06-18","England",3,0,"Paraguay","Estadio Azteca, Mexico City",1986,"Mexico"
"Round_of_16",44,"1986-06-18","Denmark",1,5,"Spain","Estadio La Corregidora, Querétaro",1986,"Mexico"
"Quarter-finals",45,"1986-06-21","Brazil",3,4,"France","Estadio Jalisco, Guadalajara",1986,"Mexico"
"Quarter-finals",46,"1986-06-21","West_Germany",4,1,"Mexico","Estadio Universitario, Monterrey",1986,"Mexico"
"Quarter-finals",47,"1986-06-22","Spain",4,5,"Belgium","Estadio Cuauhtémoc, Puebla",1986,"Mexico"
"Quarter-finals",48,"1986-06-22","Argentina",2,1,"England","Estadio Azteca, Mexico City",1986,"Mexico"
"Semi-finals",49,"1986-06-25","Argentina",2,0,"Belgium","Estadio Azteca, Mexico City",1986,"Mexico"
"Semi-finals",50,"1986-06-25","France",0,2,"West_Germany","Estadio Jalisco, Guadalajara",1986,"Mexico"
"Semi-finals",51,"1986-06-28","France",4,2,"Belgium","Estadio Cuauhtémoc, Puebla",1986,"Mexico"
"Final",52,"1986-06-29","Argentina",3,2,"West_Germany","Estadio Azteca, Mexico City",1986,"Mexico"
"A",3,"1990-06-09","Italy",1,0,"Austria","Stadio Olimpico, Rome",1990,"Italy"
"A",5,"1990-06-10","United_States",1,5,"Czechoslovakia","Stadio Comunale, Florence",1990,"Italy"
"A",15,"1990-06-14","Italy",1,0,"United_States","Stadio Olimpico, Rome",1990,"Italy"
"A",17,"1990-06-15","Austria",0,1,"Czechoslovakia","Stadio Comunale, Florence",1990,"Italy"
"A",29,"1990-06-19","Italy",2,0,"Czechoslovakia","Stadio Olimpico, Rome",1990,"Italy"
"A",30,"1990-06-19","Austria",2,1,"United_States","Stadio Comunale, Florence",1990,"Italy"
"B",1,"1990-06-08","Argentina",0,1,"Cameroon","San Siro, Milan",1990,"Italy"
"B",2,"1990-06-09","Soviet_Union",0,2,"Romania","Stadio San Nicola, Bari",1990,"Italy"
"B",13,"1990-06-13","Argentina",2,0,"Soviet_Union","Stadio San Paolo, Naples",1990,"Italy"
"B",16,"1990-06-14","Cameroon",2,1,"Romania","Stadio San Nicola, Bari",1990,"Italy"
"B",25,"1990-06-18","Argentina",1,1,"Romania","Stadio San Paolo, Naples",1990,"Italy"
"B",26,"1990-06-18","Cameroon",0,4,"Soviet_Union","Stadio San Nicola, Bari",1990,"Italy"
"C",6,"1990-06-10","Brazil",2,1,"Sweden","Stadio Delle Alpi, Turin",1990,"Italy"
"C",8,"1990-06-11","Costa_Rica",1,0,"Scotland","Stadio Luigi Ferraris, Genoa",1990,"Italy"
"C",19,"1990-06-16","Brazil",1,0,"Costa_Rica","Stadio Delle Alpi, Turin",1990,"Italy"
"C",20,"1990-06-16","Sweden",1,2,"Scotland","Stadio Luigi Ferraris, Genoa",1990,"Italy"
"C",31,"1990-06-20","Brazil",1,0,"Scotland","Stadio Delle Alpi, Turin",1990,"Italy"
"C",32,"1990-06-20","Sweden",1,2,"Costa_Rica","Stadio Luigi Ferraris, Genoa",1990,"Italy"
"D",4,"1990-06-09","United_Arab_Emirates",0,2,"Colombia","Stadio Renato Dall'Ara, Bologna",1990,"Italy"
"D",7,"1990-06-10","West_Germany",4,1,"Yugoslavia","San Siro, Milan",1990,"Italy"
"D",14,"1990-06-14","Yugoslavia",1,0,"Colombia","Stadio Renato Dall'Ara, Bologna",1990,"Italy"
"D",18,"1990-06-15","West_Germany",5,1,"United_Arab_Emirates","San Siro, Milan",1990,"Italy"
"D",27,"1990-06-19","West_Germany",1,1,"Colombia","San Siro, Milan",1990,"Italy"
"D",28,"1990-06-19","Yugoslavia",4,1,"United_Arab_Emirates","Stadio Renato Dall'Ara, Bologna",1990,"Italy"
"E",10,"1990-06-12","Belgium",2,0,"South_Korea","Stadio Marc'Antonio Bentegodi, Verona",1990,"Italy"
"E",12,"1990-06-13","Uruguay",0,0,"Spain","Stadio Friuli, Udine",1990,"Italy"
"E",23,"1990-06-17","Belgium",3,1,"Uruguay","Stadio Marc'Antonio Bentegodi, Verona",1990,"Italy"
"E",24,"1990-06-17","South_Korea",1,3,"Spain","Stadio Friuli, Udine",1990,"Italy"
"E",33,"1990-06-21","Belgium",1,2,"Spain","Stadio Marc'Antonio Bentegodi, Verona",1990,"Italy"
"E",34,"1990-06-21","South_Korea",0,1,"Uruguay","Stadio Friuli, Udine",1990,"Italy"
"F",9,"1990-06-11","England",1,1,"Ireland","Stadio Sant'Elia, Cagliari",1990,"Italy"
"F",11,"1990-06-12","Netherlands",1,1,"Egypt","Stadio La Favorita, Palermo",1990,"Italy"
"F",21,"1990-06-16","England",0,0,"Netherlands","Stadio Sant'Elia, Cagliari",1990,"Italy"
"F",22,"1990-06-17","Ireland",0,0,"Egypt","Stadio La Favorita, Palermo",1990,"Italy"
"F",35,"1990-06-21","England",1,0,"Egypt","Stadio Sant'Elia, Cagliari",1990,"Italy"
"F",36,"1990-06-21","Ireland",1,1,"Netherlands","Stadio La Favorita, Palermo",1990,"Italy"
"Round_of_16",37,"1990-06-23","Cameroon",2,1,"Colombia","Stadio San Paolo, Naples",1990,"Italy"
"Round_of_16",38,"1990-06-23","Czechoslovakia",4,1,"Costa_Rica","Stadio San Nicola, Bari",1990,"Italy"
"Round_of_16",39,"1990-06-24","Brazil",0,1,"Argentina","Stadio Delle Alpi, Turin",1990,"Italy"
"Round_of_16",40,"1990-06-24","West_Germany",2,1,"Netherlands","San Siro, Milan",1990,"Italy"
"Round_of_16",41,"1990-06-25","Ireland",5,4,"Romania","Stadio Luigi Ferraris, Genoa",1990,"Italy"
"Round_of_16",42,"1990-06-25","Italy",2,0,"Uruguay","Stadio Olimpico, Rome",1990,"Italy"
"Round_of_16",43,"1990-06-26","Spain",1,2,"Yugoslavia","Stadio Marc'Antonio Bentegodi, Verona",1990,"Italy"
"Round_of_16",44,"1990-06-26","England",1,0,"Belgium","Stadio Renato Dall'Ara, Bologna",1990,"Italy"
"Quarter-finals",45,"1990-06-30","Yugoslavia",2,3,"Argentina","Stadio Artemio Franchi, Florence",1990,"Italy"
"Quarter-finals",46,"1990-06-30","Italy",1,0,"Ireland","Stadio Olimpico, Rome",1990,"Italy"
"Quarter-finals",47,"1990-07-01","West_Germany",1,0,"Czechoslovakia","San Siro, Milan",1990,"Italy"
"Quarter-finals",48,"1990-07-01","England",3,2,"Cameroon","Stadio San Paolo, Naples",1990,"Italy"
"Semi-finals",49,"1990-07-03","Italy",3,4,"Argentina","Stadio San Paolo, Naples",1990,"Italy"
"Semi-finals",50,"1990-07-04","West_Germany",4,3,"England","Stadio delle Alpi, Turin",1990,"Italy"
"Semi-finals",51,"1990-07-07","Italy",2,1,"England","Stadio San Nicola, Bari",1990,"Italy"
"Final",52,"1990-07-08","West_Germany",1,0,"Argentina","Stadio Olimpico, Rome",1990,"Italy"
"A",3,"1994-06-18","United_States",1,1,"Switzerland","Pontiac Silverdome, Pontiac",1994,"United_States"
"A",5,"1994-06-18","Colombia",1,3,"Romania","Rose Bowl, Pasadena",1994,"United_States"
"A",14,"1994-06-22","Romania",1,4,"Switzerland","Pontiac Silverdome, Pontiac",1994,"United_States"
"A",15,"1994-06-22","United_States",2,1,"Colombia","Rose Bowl, Pasadena",1994,"United_States"
"A",25,"1994-06-26","United_States",0,1,"Romania","Rose Bowl, Pasadena",1994,"United_States"
"A",26,"1994-06-26","Switzerland",0,2,"Colombia","Stanford Stadium, Stanford",1994,"United_States"
"B",8,"1994-06-19","Cameroon",2,2,"Sweden","Rose Bowl, Pasadena",1994,"United_States"
"B",9,"1994-06-20","Brazil",2,0,"Russia","Stanford Stadium, Stanford",1994,"United_States"
"B",19,"1994-06-24","Brazil",3,0,"Cameroon","Stanford Stadium, Stanford",1994,"United_States"
"B",20,"1994-06-24","Sweden",3,1,"Russia","Pontiac Silverdome, Pontiac",1994,"United_States"
"B",31,"1994-06-28","Russia",6,1,"Cameroon","Stanford Stadium, Stanford",1994,"United_States"
"B",32,"1994-06-28","Brazil",1,1,"Sweden","Pontiac Silverdome, Pontiac",1994,"United_States"
"C",1,"1994-06-17","Germany",1,0,"Bolivia","Soldier Field, Chicago",1994,"United_States"
"C",2,"1994-06-17","Spain",2,2,"South_Korea","Cotton Bowl, Dallas",1994,"United_States"
"C",12,"1994-06-21","Germany",1,1,"Spain","Soldier Field, Chicago",1994,"United_States"
"C",17,"1994-06-23","South_Korea",0,0,"Bolivia","Foxboro Stadium, Foxborough",1994,"United_States"
"C",27,"1994-06-27","Bolivia",1,3,"Spain","Soldier Field, Chicago",1994,"United_States"
"C",28,"1994-06-27","Germany",3,2,"South_Korea","Cotton Bowl, Dallas",1994,"United_States"
"D",11,"1994-06-21","Argentina",4,0,"Greece","Foxboro Stadium, Foxborough",1994,"United_States"
"D",13,"1994-06-21","Nigeria",3,0,"Bulgaria","Cotton Bowl, Dallas",1994,"United_States"
"D",23,"1994-06-25","Argentina",2,1,"Nigeria","Foxboro Stadium, Foxborough",1994,"United_States"
"D",24,"1994-06-26","Greece",0,4,"Bulgaria","Soldier Field, Chicago",1994,"United_States"
"D",35,"1994-06-30","Greece",0,2,"Nigeria","Foxboro Stadium, Foxborough",1994,"United_States"
"D",36,"1994-06-30","Argentina",0,2,"Bulgaria","Cotton Bowl, Dallas",1994,"United_States"
"E",4,"1994-06-18","Italy",0,1,"Ireland","Giants Stadium, East Rutherford",1994,"United_States"
"E",7,"1994-06-19","Norway",1,0,"Mexico","RFK Stadium, Washington",1994,"United_States"
"E",16,"1994-06-23","Italy",1,0,"Norway","Giants Stadium, East Rutherford",1994,"United_States"
"E",18,"1994-06-24","Mexico",2,1,"Ireland","Citrus Bowl, Orlando",1994,"United_States"
"E",29,"1994-06-28","Ireland",0,0,"Norway","Giants Stadium, East Rutherford",1994,"United_States"
"E",30,"1994-06-28","Italy",1,1,"Mexico","RFK Stadium, Washington",1994,"United_States"
"F",6,"1994-06-19","Belgium",1,0,"Morocco","Citrus Bowl, Orlando",1994,"United_States"
"F",10,"1994-06-20","Netherlands",2,1,"Saudi_Arabia","RFK Stadium, Washington",1994,"United_States"
"F",21,"1994-06-25","Belgium",1,0,"Netherlands","Citrus Bowl, Orlando",1994,"United_States"
"F",22,"1994-06-25","Saudi_Arabia",2,1,"Morocco","Giants Stadium, East Rutherford",1994,"United_States"
"F",33,"1994-06-29","Morocco",1,2,"Netherlands","Citrus Bowl, Orlando",1994,"United_States"
"F",34,"1994-06-29","Belgium",0,1,"Saudi_Arabia","RFK Stadium, Washington",1994,"United_States"
"Round_of_16",37,"1994-07-02","Germany",3,2,"Belgium","Soldier Field, Chicago",1994,"United_States"
"Round_of_16",38,"1994-07-02","Spain",3,0,"Switzerland","RFK Stadium, Washington",1994,"United_States"
"Round_of_16",39,"1994-07-03","Saudi_Arabia",1,3,"Sweden","Cotton Bowl, Dallas",1994,"United_States"
"Round_of_16",40,"1994-07-03","Romania",3,2,"Argentina","Rose Bowl, Pasadena",1994,"United_States"
"Round_of_16",41,"1994-07-04","Netherlands",2,0,"Ireland","Citrus Bowl, Orlando",1994,"United_States"
"Round_of_16",42,"1994-07-04","Brazil",1,0,"United_States","Stanford Stadium, Stanford",1994,"United_States"
"Round_of_16",43,"1994-07-05","Nigeria",1,2,"Italy","Foxboro Stadium, Foxborough",1994,"United_States"
"Round_of_16",44,"1994-07-05","Mexico",1,3,"Bulgaria","Giants Stadium, East Rutherford",1994,"United_States"
"Quarter-finals",45,"1994-07-09","Italy",2,1,"Spain","Foxboro Stadium, Foxborough",1994,"United_States"
"Quarter-finals",46,"1994-07-09","Netherlands",2,3,"Brazil","Cotton Bowl, Dallas",1994,"United_States"
"Quarter-finals",47,"1994-07-10","Bulgaria",2,1,"Germany","Giants Stadium, East Rutherford",1994,"United_States"
"Quarter-finals",48,"1994-07-10","Romania",4,5,"Sweden","Stanford Stadium, Stanford",1994,"United_States"
"Semi-finals",49,"1994-07-13","Bulgaria",1,2,"Italy","Giants Stadium, East Rutherford",1994,"United_States"
"Semi-finals",50,"1994-07-13","Sweden",0,1,"Brazil","Rose Bowl, Pasadena",1994,"United_States"
"Semi-finals",51,"1994-07-16","Sweden",4,0,"Bulgaria","Rose Bowl, Pasadena",1994,"United_States"
"Final",52,"1994-07-17","Brazil",3,2,"Italy","Rose Bowl, Pasadena",1994,"United_States"
"A",1,"1998-06-10","Brazil",2,1,"Scotland","Stade de France, Saint-Denis",1998,"France"
"A",2,"1998-06-10","Morocco",2,2,"Norway","Stade de la Mosson, Montpellier",1998,"France"
"A",17,"1998-06-16","Scotland",1,1,"Norway","Parc Lescure, Bordeaux",1998,"France"
"A",18,"1998-06-16","Brazil",3,0,"Morocco","Stade de la Beaujoire, Nantes",1998,"France"
"A",34,"1998-06-23","Scotland",0,3,"Morocco","Stade Geoffroy-Guichard, Saint-Étienne",1998,"France"
"A",35,"1998-06-23","Brazil",1,2,"Norway","Stade Vélodrome, Marseille",1998,"France"
"B",3,"1998-06-11","Cameroon",1,1,"Austria","Stade de Toulouse, Toulouse",1998,"France"
"B",4,"1998-06-11","Italy",2,2,"Chile","Parc Lescure, Bordeaux",1998,"France"
"B",19,"1998-06-17","Chile",1,1,"Austria","Stade Geoffroy-Guichard, Saint-Étienne",1998,"France"
"B",20,"1998-06-17","Italy",3,0,"Cameroon","Stade de la Mosson, Montpellier",1998,"France"
"B",33,"1998-06-23","Italy",2,1,"Austria","Stade de France, Saint-Denis",1998,"France"
"B",36,"1998-06-23","Chile",1,1,"Cameroon","Stade de la Beaujoire, Nantes",1998,"France"
"C",5,"1998-06-12","Saudi_Arabia",0,1,"Denmark","Stade Félix Bollaert, Lens",1998,"France"
"C",6,"1998-06-12","France",3,0,"South_Africa","Stade Vélodrome, Marseille",1998,"France"
"C",21,"1998-06-18","France",4,0,"Saudi_Arabia","Stade de France, Saint-Denis",1998,"France"
"C",22,"1998-06-18","South_Africa",1,1,"Denmark","Stade de Toulouse, Toulouse",1998,"France"
"C",38,"1998-06-24","France",2,1,"Denmark","Stade Gerland, Lyon",1998,"France"
"C",40,"1998-06-24","South_Africa",2,2,"Saudi_Arabia","Parc Lescure, Bordeaux",1998,"France"
"D",7,"1998-06-12","Paraguay",0,0,"Bulgaria","Stade de la Mosson, Montpellier",1998,"France"
"D",10,"1998-06-13","Spain",2,3,"Nigeria","Stade de la Beaujoire, Nantes",1998,"France"
"D",23,"1998-06-19","Nigeria",1,0,"Bulgaria","Parc des Princes, Paris",1998,"France"
"D",24,"1998-06-19","Spain",0,0,"Paraguay","Stade Geoffroy-Guichard, Saint-Étienne",1998,"France"
"D",37,"1998-06-24","Spain",6,1,"Bulgaria","Stade Félix Bollaert, Lens",1998,"France"
"D",39,"1998-06-24","Nigeria",1,3,"Paraguay","Stade de Toulouse, Toulouse",1998,"France"
"E",8,"1998-06-13","Netherlands",0,0,"Belgium","Stade de France, Saint-Denis",1998,"France"
"E",9,"1998-06-13","South_Korea",1,3,"Mexico","Stade Gerland, Lyon",1998,"France"
"E",25,"1998-06-20","Netherlands",5,0,"South_Korea","Stade Vélodrome, Marseille",1998,"France"
"E",26,"1998-06-20","Belgium",2,2,"Mexico","Parc Lescure, Bordeaux",1998,"France"
"E",41,"1998-06-25","Belgium",1,1,"South_Korea","Parc des Princes, Paris",1998,"France"
"E",42,"1998-06-25","Netherlands",2,2,"Mexico","Stade Geoffroy-Guichard, Saint-Étienne",1998,"France"
"F",12,"1998-06-14","Yugoslavia",1,0,"Iran","Stade Geoffroy-Guichard, Saint-Étienne",1998,"France"
"F",14,"1998-06-15","Germany",2,0,"United_States","Parc des Princes, Paris",1998,"France"
"F",29,"1998-06-21","Germany",2,2,"Yugoslavia","Stade Félix Bollaert, Lens",1998,"France"
"F",30,"1998-06-21","United_States",1,2,"Iran","Stade Gerland, Lyon",1998,"France"
"F",43,"1998-06-25","Germany",2,0,"Iran","Stade de la Mosson, Montpellier",1998,"France"
"F",44,"1998-06-25","United_States",0,1,"Yugoslavia","Stade de la Beaujoire, Nantes",1998,"France"
"G",15,"1998-06-15","Romania",1,0,"Colombia","Stade Gerland, Lyon",1998,"France"
"G",16,"1998-06-15","England",2,0,"Tunisia","Stade Vélodrome, Marseille",1998,"France"
"G",31,"1998-06-22","Colombia",1,0,"Tunisia","Stade de la Mosson, Montpellier",1998,"France"
"G",32,"1998-06-22","Romania",2,1,"England","Stade de Toulouse, Toulouse",1998,"France"
"G",45,"1998-06-26","Romania",1,1,"Tunisia","Stade de France, Saint-Denis",1998,"France"
"G",46,"1998-06-26","Colombia",0,2,"England","Stade Félix Bollaert, Lens",1998,"France"
"H",11,"1998-06-14","Jamaica",1,3,"Croatia","Stade Félix Bollaert, Lens",1998,"France"
"H",13,"1998-06-14","Argentina",1,0,"Japan","Stade de Toulouse, Toulouse",1998,"France"
"H",27,"1998-06-20","Japan",0,1,"Croatia","Stade de la Beaujoire, Nantes",1998,"France"
"H",28,"1998-06-21","Argentina",5,0,"Jamaica","Parc des Princes, Paris",1998,"France"
"H",47,"1998-06-26","Japan",1,2,"Jamaica","Stade Gerland, Lyon",1998,"France"
"H",48,"1998-06-26","Argentina",1,0,"Croatia","Parc Lescure, Bordeaux",1998,"France"
"Round_of_16",49,"1998-06-27","Brazil",4,1,"Chile","Parc des Princes, Paris",1998,"France"
"Round_of_16",50,"1998-06-27","Italy",1,0,"Norway","Stade Vélodrome, Marseille",1998,"France"
"Round_of_16",51,"1998-06-28","Nigeria",1,4,"Denmark","Stade de France, Saint-Denis",1998,"France"
"Round_of_16",52,"1998-06-28","France",1,0,"Paraguay","Stade Félix Bollaert, Lens",1998,"France"
"Round_of_16",53,"1998-06-29","Germany",2,1,"Mexico","Stade de la Mosson, Montpellier",1998,"France"
"Round_of_16",54,"1998-06-29","Netherlands",2,1,"Yugoslavia","Stade de Toulouse, Toulouse",1998,"France"
"Round_of_16",55,"1998-06-30","Argentina",4,3,"England","Stade Geoffroy-Guichard, Saint-Étienne",1998,"France"
"Round_of_16",56,"1998-06-30","Romania",0,1,"Croatia","Parc Lescure, Bordeaux",1998,"France"
"Quarter-finals",57,"1998-07-03","Italy",3,4,"France","Stade de France, Saint-Denis",1998,"France"
"Quarter-finals",58,"1998-07-03","Brazil",3,2,"Denmark","Stade de la Beaujoire, Nantes",1998,"France"
"Quarter-finals",59,"1998-07-04","Germany",0,3,"Croatia","Stade Gerland, Lyon",1998,"France"
"Quarter-finals",60,"1998-07-04","Netherlands",2,1,"Argentina","Stade Vélodrome, Marseille",1998,"France"
"Semi-finals",61,"1998-07-07","Brazil",4,2,"Netherlands","Stade Vélodrome, Marseille",1998,"France"
"Semi-finals",62,"1998-07-08","France",2,1,"Croatia","Stade de France, Saint-Denis",1998,"France"
"Semi-finals",63,"1998-07-11","Netherlands",1,2,"Croatia","Parc des Princes, Paris",1998,"France"
"Final",64,"1998-07-12","Brazil",0,3,"France","Stade de France, Saint-Denis",1998,"France"
"A",1,"2002-05-31","France",0,1,"Senegal","Seoul World Cup Stadium, Seoul",2002,"South_Korea/Japan"
"A",3,"2002-06-01","Uruguay",1,2,"Denmark","Munsu Cup Stadium, Ulsan",2002,"South_Korea/Japan"
"A",18,"2002-06-06","France",0,0,"Uruguay","Asiad Main Stadium, Busan",2002,"South_Korea/Japan"
"A",19,"2002-06-06","Denmark",1,1,"Senegal","Daegu World Cup Stadium, Daegu",2002,"South_Korea/Japan"
"A",33,"2002-06-11","Denmark",2,0,"France","Incheon Munhak Stadium, Incheon",2002,"South_Korea/Japan"
"A",34,"2002-06-11","Senegal",3,3,"Uruguay","Suwon World Cup Stadium, Suwon",2002,"South_Korea/Japan"
"B",6,"2002-06-02","Paraguay",2,2,"South_Africa","Asiad Main Stadium, Busan",2002,"South_Korea/Japan"
"B",8,"2002-06-02","Spain",3,1,"Slovenia","Gwangju World Cup Stadium, Gwangju",2002,"South_Korea/Japan"
"B",22,"2002-06-07","Spain",3,1,"Paraguay","Jeonju World Cup Stadium, Jeonju",2002,"South_Korea/Japan"
"B",24,"2002-06-08","South_Africa",1,0,"Slovenia","Daegu World Cup Stadium, Daegu",2002,"South_Korea/Japan"
"B",39,"2002-06-12","South_Africa",2,3,"Spain","Daejeon World Cup Stadium, Daejeon",2002,"South_Korea/Japan"
"B",40,"2002-06-12","Slovenia",1,3,"Paraguay","Jeju World Cup Stadium, Jeju",2002,"South_Korea/Japan"
"C",10,"2002-06-03","Brazil",2,1,"Turkey","Munsu Cup Stadium, Ulsan",2002,"South_Korea/Japan"
"C",12,"2002-06-04","China",0,2,"Costa_Rica","Gwangju World Cup Stadium, Gwangju",2002,"South_Korea/Japan"
"C",26,"2002-06-08","Brazil",4,0,"China","Jeju World Cup Stadium, Jeju",2002,"South_Korea/Japan"
"C",28,"2002-06-09","Costa_Rica",1,1,"Turkey","Incheon Munhak Stadium, Incheon",2002,"South_Korea/Japan"
"C",41,"2002-06-13","Costa_Rica",2,5,"Brazil","Suwon World Cup Stadium, Suwon",2002,"South_Korea/Japan"
"C",42,"2002-06-13","Turkey",3,0,"China","Seoul World Cup Stadium, Seoul",2002,"South_Korea/Japan"
"D",14,"2002-06-04","South_Korea",2,0,"Poland","Asiad Main Stadium, Busan",2002,"South_Korea/Japan"
"D",16,"2002-06-05","United_States",3,2,"Portugal","Suwon World Cup Stadium, Suwon",2002,"South_Korea/Japan"
"D",30,"2002-06-10","South_Korea",1,1,"United_States","Daegu World Cup Stadium, Daegu",2002,"South_Korea/Japan"
"D",32,"2002-06-10","Portugal",4,0,"Poland","Jeonju World Cup Stadium, Jeonju",2002,"South_Korea/Japan"
"D",47,"2002-06-14","Portugal",0,1,"South_Korea","Incheon Munhak Stadium, Incheon",2002,"South_Korea/Japan"
"D",48,"2002-06-14","Poland",3,1,"United_States","Daejeon World Cup Stadium, Daejeon",2002,"South_Korea/Japan"
"E",2,"2002-06-01","Ireland",1,1,"Cameroon","Niigata Stadium, Niigata",2002,"South_Korea/Japan"
"E",4,"2002-06-01","Germany",8,0,"Saudi_Arabia","Sapporo Dome, Sapporo",2002,"South_Korea/Japan"
"E",17,"2002-06-05","Germany",1,1,"Ireland","Kashima Soccer Stadium, Ibaraki",2002,"South_Korea/Japan"
"E",19,"2002-06-06","Cameroon",1,0,"Saudi_Arabia","Saitama Stadium, Saitama",2002,"South_Korea/Japan"
"E",35,"2002-06-11","Cameroon",0,2,"Germany","Shizuoka Stadium, Shizuoka",2002,"South_Korea/Japan"
"E",36,"2002-06-11","Saudi_Arabia",0,3,"Ireland","International Stadium Yokohama, Yokohama",2002,"South_Korea/Japan"
"F",5,"2002-06-02","England",1,1,"Sweden","Saitama Stadium, Saitama",2002,"South_Korea/Japan"
"F",7,"2002-06-02","Argentina",1,0,"Nigeria","Kashima Soccer Stadium, Ibaraki",2002,"South_Korea/Japan"
"F",21,"2002-06-07","Sweden",2,1,"Nigeria","Kobe Wing Stadium, Kobe",2002,"South_Korea/Japan"
"F",23,"2002-06-07","Argentina",0,1,"England","Sapporo Dome, Sapporo",2002,"South_Korea/Japan"
"F",37,"2002-06-12","Sweden",1,1,"Argentina","Miyagi Stadium, Miyagi",2002,"South_Korea/Japan"
"F",38,"2002-06-12","Nigeria",0,0,"England","Nagai Stadium, Osaka",2002,"South_Korea/Japan"
"G",9,"2002-06-03","Croatia",0,1,"Mexico","Niigata Stadium, Niigata",2002,"South_Korea/Japan"
"G",11,"2002-06-03","Italy",2,0,"Ecuador","Sapporo Dome, Sapporo",2002,"South_Korea/Japan"
"G",25,"2002-06-08","Italy",1,2,"Croatia","Kashima Soccer Stadium, Ibaraki",2002,"South_Korea/Japan"
"G",27,"2002-06-09","Mexico",2,1,"Ecuador","Miyagi Stadium, Miyagi",2002,"South_Korea/Japan"
"G",43,"2002-06-13","Mexico",1,1,"Italy","Ōita Stadium, Ōita",2002,"South_Korea/Japan"
"G",44,"2002-06-13","Ecuador",1,0,"Croatia","International Stadium Yokohama, Yokohama",2002,"South_Korea/Japan"
"H",13,"2002-06-04","Japan",2,2,"Belgium","Saitama Stadium, Saitama",2002,"South_Korea/Japan"
"H",15,"2002-06-05","Russia",2,0,"Tunisia","Kobe Wing Stadium, Kobe",2002,"South_Korea/Japan"
"H",29,"2002-06-09","Japan",1,0,"Russia","International Stadium Yokohama, Yokohama",2002,"South_Korea/Japan"
"H",31,"2002-06-10","Tunisia",1,1,"Belgium","Ōita Stadium, Ōita",2002,"South_Korea/Japan"
"H",45,"2002-06-14","Tunisia",0,2,"Japan","Nagai Stadium, Osaka",2002,"South_Korea/Japan"
"H",46,"2002-06-14","Belgium",3,2,"Russia","Shizuoka Stadium, Shizuoka",2002,"South_Korea/Japan"
"Round_of_16",49,"2002-06-15","Germany",1,0,"Paraguay","Jeju World Cup Stadium, Jeju",2002,"South_Korea/Japan"
"Round_of_16",50,"2002-06-15","Denmark",0,3,"England","Niigata Stadium, Niigata",2002,"South_Korea/Japan"
"Round_of_16",51,"2002-06-16","Sweden",1,2,"Senegal","Ōita Stadium, Ōita",2002,"South_Korea/Japan"
"Round_of_16",52,"2002-06-16","Spain",3,2,"Ireland","Suwon World Cup Stadium, Suwon",2002,"South_Korea/Japan"
"Round_of_16",53,"2002-06-17","Mexico",0,2,"United_States","Jeonju World Cup Stadium, Jeonju",2002,"South_Korea/Japan"
"Round_of_16",54,"2002-06-17","Brazil",2,0,"Belgium","Kobe Wing Stadium, Kobe",2002,"South_Korea/Japan"
"Round_of_16",55,"2002-06-18","Japan",0,1,"Turkey","Miyagi Stadium, Miyagi",2002,"South_Korea/Japan"
"Round_of_16",56,"2002-06-18","South_Korea",2,1,"Italy","Daejeon World Cup Stadium, Daejeon",2002,"South_Korea/Japan"
"Quarter-finals",57,"2002-06-21","England",1,2,"Brazil","Shizuoka Stadium, Shizuoka",2002,"South_Korea/Japan"
"Quarter-finals",58,"2002-06-21","Germany",1,0,"United_States","Munsu Cup Stadium, Ulsan",2002,"South_Korea/Japan"
"Quarter-finals",59,"2002-06-22","Spain",3,5,"South_Korea","Gwangju World Cup Stadium, Gwangju",2002,"South_Korea/Japan"
"Quarter-finals",60,"2002-06-22","Senegal",0,1,"Turkey","Nagai Stadium, Osaka",2002,"South_Korea/Japan"
"Semi-finals",61,"2002-06-25","Germany",1,0,"South_Korea","Seoul World Cup Stadium, Seoul",2002,"South_Korea/Japan"
"Semi-finals",62,"2002-06-26","Brazil",1,0,"Turkey","Saitama Stadium, Saitama",2002,"South_Korea/Japan"
"Semi-finals",63,"2002-06-29","South_Korea",2,3,"Turkey","Daegu World Cup Stadium, Daegu",2002,"South_Korea/Japan"
"Final",64,"2002-06-30","Germany",0,2,"Brazil","International Stadium Yokohama, Yokohama",2002,"South_Korea/Japan"
"A",1,"2006-06-09","Germany",4,2,"Costa_Rica","Allianz Arena, München",2006,"Germany"
"A",2,"2006-06-09","Poland",0,2,"Ecuador","Veltins-Arena, Gelsenkirchen",2006,"Germany"
"A",17,"2006-06-14","Germany",1,0,"Poland","Signal Iduna Park, Dortmund",2006,"Germany"
"A",18,"2006-06-15","Ecuador",3,0,"Costa_Rica","AOL Arena, Hamburg",2006,"Germany"
"A",33,"2006-06-20","Ecuador",0,3,"Germany","Olympiastadion, Berlin",2006,"Germany"
"A",34,"2006-06-20","Costa_Rica",1,2,"Poland","AWD-Arena, Hannover",2006,"Germany"
"B",3,"2006-06-10","England",1,0,"Paraguay","Commerzbank-Arena, Frankfurt",2006,"Germany"
"B",4,"2006-06-10","Trinidad_and_Tobago",0,0,"Sweden","Signal Iduna Park, Dortmund",2006,"Germany"
"B",19,"2006-06-15","England",2,0,"Trinidad_and_Tobago","Frankenstadion, Nürnberg",2006,"Germany"
"B",20,"2006-06-15","Sweden",1,0,"Paraguay","Olympiastadion, Berlin",2006,"Germany"
"B",35,"2006-06-20","Sweden",2,2,"England","RheinEnergieStadion, Köln",2006,"Germany"
"B",36,"2006-06-20","Paraguay",2,0,"Trinidad_and_Tobago","Fritz-Walter-Stadion, Kaiserslautern",2006,"Germany"
"C",5,"2006-06-10","Argentina",2,1,"Ivory_Coast","AOL Arena, Hamburg",2006,"Germany"
"C",6,"2006-06-11","Serbia_and_Montenegro",0,1,"Netherlands","Zentralstadion, Leipzig",2006,"Germany"
"C",21,"2006-06-16","Argentina",6,0,"Serbia_and_Montenegro","Veltins-Arena, Gelsenkirchen",2006,"Germany"
"C",22,"2006-06-16","Netherlands",2,1,"Ivory_Coast","Gottlieb-Daimler-Stadion, Stuttgart",2006,"Germany"
"C",37,"2006-06-21","Netherlands",0,0,"Argentina","Commerzbank-Arena, Frankfurt",2006,"Germany"
"C",38,"2006-06-21","Ivory_Coast",3,2,"Serbia_and_Montenegro","Allianz Arena, München",2006,"Germany"
"D",7,"2006-06-11","Mexico",3,1,"Iran","Frankenstadion, Nürnberg",2006,"Germany"
"D",8,"2006-06-11","Angola",0,1,"Portugal","RheinEnergieStadion, Köln",2006,"Germany"
"D",23,"2006-06-16","Mexico",0,0,"Angola","AWD-Arena, Hannover",2006,"Germany"
"D",24,"2006-06-17","Portugal",2,0,"Iran","Commerzbank-Arena, Frankfurt",2006,"Germany"
"D",39,"2006-06-21","Portugal",2,1,"Mexico","Veltins-Arena, Gelsenkirchen",2006,"Germany"
"D",40,"2006-06-21","Iran",1,1,"Angola","Zentralstadion, Leipzig",2006,"Germany"
"E",9,"2006-06-12","Italy",2,0,"Ghana","AWD-Arena, Hannover",2006,"Germany"
"E",10,"2006-06-12","United_States",0,3,"Czech_Republic","Veltins-Arena, Gelsenkirchen",2006,"Germany"
"E",25,"2006-06-17","Italy",1,1,"United_States","Fritz-Walter-Stadion, Kaiserslautern",2006,"Germany"
"E",26,"2006-06-17","Czech_Republic",0,2,"Ghana","RheinEnergieStadion, Köln",2006,"Germany"
"E",41,"2006-06-22","Czech_Republic",0,2,"Italy","AOL Arena, Hamburg",2006,"Germany"
"E",42,"2006-06-22","Ghana",2,1,"United_States","Frankenstadion, Nürnberg",2006,"Germany"
"F",11,"2006-06-13","Brazil",1,0,"Croatia","Olympiastadion, Berlin",2006,"Germany"
"F",12,"2006-06-12","Australia",3,1,"Japan","Fritz-Walter-Stadion, Kaiserslautern",2006,"Germany"
"F",27,"2006-06-18","Brazil",2,0,"Australia","Allianz Arena, München",2006,"Germany"
"F",28,"2006-06-18","Japan",0,0,"Croatia","Frankenstadion, Nürnberg",2006,"Germany"
"F",43,"2006-06-22","Japan",1,4,"Brazil","Signal Iduna Park, Dortmund",2006,"Germany"
"F",44,"2006-06-22","Croatia",2,2,"Australia","Gottlieb-Daimler-Stadion, Stuttgart",2006,"Germany"
"G",13,"2006-06-13","France",0,0,"Switzerland","Gottlieb-Daimler-Stadion, Stuttgart",2006,"Germany"
"G",14,"2006-06-13","South_Korea",2,1,"Togo","Commerzbank-Arena, Frankfurt",2006,"Germany"
"G",29,"2006-06-18","France",1,1,"South_Korea","Zentralstadion, Leipzig",2006,"Germany"
"G",30,"2006-06-19","Togo",0,2,"Switzerland","Signal Iduna Park, Dortmund",2006,"Germany"
"G",45,"2006-06-23","Togo",0,2,"France","RheinEnergieStadion, Köln",2006,"Germany"
"G",46,"2006-06-23","Switzerland",2,0,"South_Korea","AWD-Arena, Hannover",2006,"Germany"
"H",15,"2006-06-14","Spain",4,0,"Ukraine","Zentralstadion, Leipzig",2006,"Germany"
"H",16,"2006-06-14","Tunisia",2,2,"Saudi_Arabia","Allianz Arena, München",2006,"Germany"
"H",31,"2006-06-19","Spain",3,1,"Tunisia","Gottlieb-Daimler-Stadion, Stuttgart",2006,"Germany"
"H",32,"2006-06-19","Saudi_Arabia",0,4,"Ukraine","AOL Arena, Hamburg",2006,"Germany"
"H",47,"2006-06-23","Saudi_Arabia",0,1,"Spain","Fritz-Walter-Stadion, Kaiserslautern",2006,"Germany"
"H",48,"2006-06-23","Ukraine",1,0,"Tunisia","Olympiastadion, Berlin",2006,"Germany"
"Round_of_16",49,"2006-06-24","Germany",2,0,"Sweden","Allianz Arena, München",2006,"Germany"
"Round_of_16",50,"2006-06-24","Argentina",2,1,"Mexico","Zentralstadion, Leipzig",2006,"Germany"
"Round_of_16",51,"2006-06-25","England",1,0,"Ecuador","Gottlieb-Daimler-Stadion, Stuttgart",2006,"Germany"
"Round_of_16",52,"2006-06-25","Portugal",1,0,"Netherlands","Frankenstadion, Nürnberg",2006,"Germany"
"Round_of_16",53,"2006-06-26","Italy",1,0,"Australia","Fritz-Walter-Stadion, Kaiserslautern",2006,"Germany"
"Round_of_16",54,"2006-06-26","Switzerland",0,3,"Ukraine","RheinEnergieStadion, Köln",2006,"Germany"
"Round_of_16",55,"2006-06-27","Brazil",3,0,"Ghana","Signal Iduna Park, Dortmund",2006,"Germany"
"Round_of_16",56,"2006-06-27","Spain",1,3,"France","AWD-Arena, Hannover",2006,"Germany"
"Quarterfinals",57,"2006-06-30","Germany",4,2,"Argentina","Olympiastadion, Berlin",2006,"Germany"
"Quarterfinals",58,"2006-06-30","Italy",3,0,"Ukraine","AOL Arena, Hamburg",2006,"Germany"
"Quarterfinals",59,"2006-07-01","England",1,3,"Portugal","Veltins-Arena, Gelsenkirchen",2006,"Germany"
"Quarterfinals",60,"2006-07-01","Brazil",0,1,"France","Commerzbank-Arena, Frankfurt",2006,"Germany"
"Semifinals",61,"2006-07-04","Germany",0,2,"Italy","Iduna Park, Dortmund",2006,"Germany"
"Semifinals",62,"2006-07-05","Portugal",0,1,"France","Allianz Arena, München",2006,"Germany"
"Semifinals",63,"2006-07-08","Germany",3,1,"Portugal","Gottlieb-Daimler-Stadion, Stuttgart",2006,"Germany"
"Final",64,"2006-07-09","Italy",5,3,"France","Olympiastadion, Berlin",2006,"Germany"
"A",1,"2010-06-11","South_Africa",1,1,"Mexico","Soccer City, Johannesburg",2010,"South_Africa"
"A",2,"2010-06-11","Uruguay",0,0,"France","Cape Town Stadium, Cape Town",2010,"South_Africa"
"A",17,"2010-06-16","South_Africa",0,3,"Uruguay","Loftus Versfeld Stadium, Pretoria",2010,"South_Africa"
"A",18,"2010-06-17","France",0,2,"Mexico","Peter Mokaba Stadium, Polokwane",2010,"South_Africa"
"A",33,"2010-06-22","Mexico",0,1,"Uruguay","Royal Bafokeng Stadium, Rustenburg",2010,"South_Africa"
"A",34,"2010-06-22","France",1,2,"South_Africa","Free State Stadium, Bloemfontein",2010,"South_Africa"
"B",4,"2010-06-12","South_Korea",2,0,"Greece","Nelson Mandela Bay Stadium, Port Elizabeth",2010,"South_Africa"
"B",3,"2010-06-12","Argentina",1,0,"Nigeria","Ellis Park Stadium, Johannesburg",2010,"South_Africa"
"B",20,"2010-06-17","Argentina",4,1,"South_Korea","Soccer City, Johannesburg",2010,"South_Africa"
"B",19,"2010-06-17","Greece",2,1,"Nigeria","Free State Stadium, Bloemfontein",2010,"South_Africa"
"B",35,"2010-06-22","Nigeria",2,2,"South_Korea","Moses Mabhida Stadium, Durban",2010,"South_Africa"
"B",36,"2010-06-22","Greece",0,2,"Argentina","Peter Mokaba Stadium, Polokwane",2010,"South_Africa"
"C",5,"2010-06-12","England",1,1,"United_States","Royal Bafokeng Stadium, Rustenburg",2010,"South_Africa"
"C",6,"2010-06-13","Algeria",0,1,"Slovenia","Peter Mokaba Stadium, Polokwane",2010,"South_Africa"
"C",22,"2010-06-18","Slovenia",2,2,"United_States","Ellis Park Stadium, Johannesburg",2010,"South_Africa"
"C",23,"2010-06-18","England",0,0,"Algeria","Cape Town Stadium, Cape Town",2010,"South_Africa"
"C",38,"2010-06-23","United_States",1,0,"Algeria","Loftus Versfeld Stadium, Pretoria",2010,"South_Africa"
"C",37,"2010-06-23","Slovenia",0,1,"England","Nelson Mandela Bay Stadium, Port Elizabeth",2010,"South_Africa"
"D",8,"2010-06-13","Serbia",0,1,"Ghana","Loftus Versfeld Stadium, Pretoria",2010,"South_Africa"
"D",7,"2010-06-13","Germany",4,0,"Australia","Moses Mabhida Stadium, Durban",2010,"South_Africa"
"D",21,"2010-06-18","Germany",0,1,"Serbia","Nelson Mandela Bay Stadium, Port Elizabeth",2010,"South_Africa"
"D",24,"2010-06-19","Ghana",1,1,"Australia","Royal Bafokeng Stadium, Rustenburg",2010,"South_Africa"
"D",40,"2010-06-23","Australia",2,1,"Serbia","Mbombela Stadium, Nelspruit",2010,"South_Africa"
"D",39,"2010-06-23","Ghana",0,1,"Germany","Soccer City, Johannesburg",2010,"South_Africa"
"E",9,"2010-06-14","Netherlands",2,0,"Denmark","Soccer City, Johannesburg",2010,"South_Africa"
"E",10,"2010-06-14","Japan",1,0,"Cameroon","Free State Stadium, Bloemfontein",2010,"South_Africa"
"E",25,"2010-06-19","Netherlands",1,0,"Japan","Moses Mabhida Stadium, Durban",2010,"South_Africa"
"E",26,"2010-06-19","Cameroon",1,2,"Denmark","Loftus Versfeld Stadium, Pretoria",2010,"South_Africa"
"E",43,"2010-06-24","Denmark",1,3,"Japan","Royal Bafokeng Stadium, Rustenburg",2010,"South_Africa"
"E",44,"2010-06-24","Cameroon",1,2,"Netherlands","Cape Town Stadium, Cape Town",2010,"South_Africa"
"F",11,"2010-06-14","Italy",1,1,"Paraguay","Cape Town Stadium, Cape Town",2010,"South_Africa"
"F",12,"2010-06-15","New_Zealand",1,1,"Slovakia","Royal Bafokeng Stadium, Rustenburg",2010,"South_Africa"
"F",27,"2010-06-20","Slovakia",0,2,"Paraguay","Free State Stadium, Bloemfontein",2010,"South_Africa"
"F",28,"2010-06-20","Italy",1,1,"New_Zealand","Mbombela Stadium, Nelspruit",2010,"South_Africa"
"F",41,"2010-06-24","Slovakia",3,2,"Italy","Ellis Park Stadium, Johannesburg",2010,"South_Africa"
"F",42,"2010-06-24","Paraguay",0,0,"New_Zealand","Peter Mokaba Stadium, Polokwane",2010,"South_Africa"
"G",13,"2010-06-15","Ivory_Coast",0,0,"Portugal","Nelson Mandela Bay Stadium, Port Elizabeth",2010,"South_Africa"
"G",14,"2010-06-15","Brazil",2,1,"North_Korea","Ellis Park Stadium, Johannesburg",2010,"South_Africa"
"G",29,"2010-06-20","Brazil",3,1,"Ivory_Coast","Soccer City, Johannesburg",2010,"South_Africa"
"G",30,"2010-06-21","Portugal",7,0,"North_Korea","Cape Town Stadium, Cape Town",2010,"South_Africa"
"G",45,"2010-06-25","Portugal",0,0,"Brazil","Moses Mabhida Stadium, Durban",2010,"South_Africa"
"G",46,"2010-06-25","North_Korea",0,3,"Ivory_Coast","Mbombela Stadium, Nelspruit",2010,"South_Africa"
"H",15,"2010-06-16","Honduras",0,1,"Chile","Mbombela Stadium, Nelspruit",2010,"South_Africa"
"H",16,"2010-06-16","Spain",0,1,"Switzerland","Moses Mabhida Stadium, Durban",2010,"South_Africa"
"H",31,"2010-06-21","Chile",1,0,"Switzerland","Nelson Mandela Bay Stadium, Port Elizabeth",2010,"South_Africa"
"H",32,"2010-06-21","Spain",2,0,"Honduras","Ellis Park Stadium, Johannesburg",2010,"South_Africa"
"H",47,"2010-06-25","Chile",1,2,"Spain","Loftus Versfeld Stadium, Pretoria",2010,"South_Africa"
"H",48,"2010-06-25","Switzerland",0,0,"Honduras","Free State Stadium, Bloemfontein",2010,"South_Africa"
"Round_of_16",49,"2010-06-26","Uruguay",2,1,"South_Korea","Nelson Mandela Bay Stadium, Port Elizabeth",2010,"South_Africa"
"Round_of_16",50,"2010-06-26","United_States",1,2,"Ghana","Royal Bafokeng Stadium, Rustenburg",2010,"South_Africa"
"Round_of_16",51,"2010-06-27","Germany",4,1,"England","Free State Stadium, Bloemfontein",2010,"South_Africa"
"Round_of_16",52,"2010-06-27","Argentina",3,1,"Mexico","Soccer City, Johannesburg",2010,"South_Africa"
"Round_of_16",53,"2010-06-28","Netherlands",2,1,"Slovakia","Moses Mabhida Stadium, Durban",2010,"South_Africa"
"Round_of_16",54,"2010-06-28","Brazil",3,0,"Chile","Ellis Park Stadium, Johannesburg",2010,"South_Africa"
"Round_of_16",55,"2010-06-29","Paraguay",5,3,"Japan","Loftus Versfeld Stadium, Pretoria",2010,"South_Africa"
"Round_of_16",56,"2010-06-29","Spain",1,0,"Portugal","Cape Town Stadium, Cape Town",2010,"South_Africa"
"Quarterfinals",57,"2010-07-02","Netherlands",2,1,"Brazil","Nelson Mandela Bay Stadium, Port Elizabeth",2010,"South_Africa"
"Quarterfinals",58,"2010-07-02","Uruguay",4,2,"Ghana","Soccer City, Johannesburg",2010,"South_Africa"
"Quarterfinals",59,"2010-07-03","Argentina",0,4,"Germany","Cape Town Stadium, Cape Town",2010,"South_Africa"
"Quarterfinals",60,"2010-07-03","Paraguay",0,1,"Spain","Ellis Park Stadium, Johannesburg",2010,"South_Africa"
"Semifinals",61,"2010-07-06","Uruguay",2,3,"Netherlands","Cape Town Stadium, Cape Town",2010,"South_Africa"
"Semifinals",62,"2010-07-07","Germany",0,1,"Spain","Moses Mabhida Stadium, Durban",2010,"South_Africa"
"Semifinals",63,"2010-07-10","Uruguay",2,3,"Germany","Nelson Mandela Bay Stadium, Port Elizabeth",2010,"South_Africa"
"Final",64,"2010-07-11","Netherlands",0,1,"Spain","Soccer City, Johannesburg",2010,"South_Africa"
